id,postcode,latitude,longitude,isInRightmove,codeRightmove
1,AB10,57.13514,-2.11731,,
2,AB11,57.13875,-2.09089,,
3,AB12,57.101,-2.1106,,
4,AB13,57.10801,-2.23776,,
5,AB14,57.10076,-2.27073,,
6,AB15,57.13868,-2.16525,,
7,AB16,57.16115,-2.15543,,
8,AB21,57.2096,-2.20033,,
9,AB22,57.18724,-2.11913,,
10,AB23,57.21242,-2.08776,,
11,AB24,57.16284,-2.11228,,
12,AB25,57.15311,-2.11241,,
13,AB30,56.84678,-2.47712,,
14,AB31,57.07479,-2.52623,,
15,AB32,57.15545,-2.31742,,
16,AB33,57.22464,-2.74203,,
17,AB34,57.09393,-2.81204,,
18,AB35,57.03829,-3.14869,,
19,AB36,57.19715,-3.06589,,
20,AB37,57.33098,-3.35051,,
21,AB38,57.48589,-3.2261,,
22,AB39,56.97778,-2.21718,,
23,AB41,57.37592,-2.10478,,
24,AB42,57.50079,-1.88819,,
25,AB43,57.65714,-2.04358,,
26,AB44,57.66877,-2.49122,,
27,AB45,57.65139,-2.56639,,
28,AB51,57.28907,-2.40485,,
29,AB52,57.34396,-2.60651,,
30,AB53,57.52537,-2.3941,,
31,AB54,57.45361,-2.76333,,
32,AB55,57.5239,-2.99024,,
33,AB56,57.67442,-2.92559,,
34,AL1,51.74836,-0.32237,,
35,AL10,51.75958,-0.2292,,
36,AL2,51.72064,-0.33353,,
37,AL3,51.77781,-0.37057,,
38,AL4,51.77133,-0.29398,,
39,AL5,51.81622,-0.35177,,
40,AL6,51.83104,-0.19737,,
41,AL7,51.79669,-0.18569,,
42,AL8,51.80334,-0.20863,,
43,AL9,51.74472,-0.19791,,
44,B1,52.47872,-1.90723,,
45,B10,52.46967,-1.8513,,
46,B11,52.4544,-1.85871,,
47,B12,52.45982,-1.88225,,
48,B13,52.43644,-1.8779,,
49,B14,52.41757,-1.88824,,
50,B15,52.46615,-1.92345,,
51,B16,52.47604,-1.93374,,
52,B17,52.46077,-1.96026,,
53,B18,52.49132,-1.92341,,
54,B19,52.4967,-1.90425,,
55,B2,52.47871,-1.89692,,
56,B20,52.51379,-1.91747,,
57,B21,52.50661,-1.93959,,
58,B23,52.52812,-1.85405,,
59,B24,52.51909,-1.82755,,
60,B25,52.46513,-1.8204,,
61,B26,52.46059,-1.78951,,
62,B27,52.44446,-1.82196,,
63,B28,52.4265,-1.84115,,
64,B29,52.43739,-1.94704,,
65,B3,52.48051,-1.90134,,
66,B30,52.42209,-1.92794,,
67,B31,52.40772,-1.97207,,
68,B32,52.44819,-1.99264,,
69,B33,52.48036,-1.78647,,
70,B34,52.49564,-1.78051,,
71,B35,52.51903,-1.78776,,
72,B36,52.50373,-1.77899,,
73,B37,52.47847,-1.74083,,
74,B38,52.39962,-1.93385,,
75,B4,52.48231,-1.89397,,
76,B40,52.45865,-1.72181,,
77,B42,52.53357,-1.91154,,
78,B43,52.54797,-1.92921,,
79,B44,52.54523,-1.88349,,
80,B45,52.38795,-2.00882,,
81,B46,52.50803,-1.69351,,
82,B47,52.38699,-1.8795,,
83,B48,52.35557,-1.9486,,
84,B49,52.21704,-1.86679,,
85,B5,52.46972,-1.89547,,
86,B50,52.16847,-1.85377,,
87,B6,52.50388,-1.88508,,
88,B60,52.3259,-2.04989,,
89,B61,52.34477,-2.06753,,
90,B62,52.45628,-2.03238,,
91,B63,52.45177,-2.06622,,
92,B64,52.47244,-2.06773,,
93,B65,52.48325,-2.04271,,
94,B66,52.49314,-1.96465,,
95,B67,52.48595,-1.97644,,
96,B68,52.47876,-2,,
97,B69,52.50213,-2.02799,,
98,B7,52.49307,-1.87185,,
99,B70,52.52012,-2.00295,,
100,B71,52.5354,-1.98968,,
101,B72,52.55145,-1.82153,,
102,B73,52.55238,-1.84217,,
103,B74,52.58297,-1.8583,,
104,B75,52.5784,-1.80813,,
105,B76,52.5451,-1.78616,,
106,B77,52.61855,-1.66762,,
107,B78,52.60598,-1.67362,,
108,B79,52.65005,-1.68069,,
109,B8,52.49034,-1.84092,,
110,B80,52.27641,-1.89593,,
111,B9,52.47776,-1.84833,,
112,B90,52.4004,-1.82361,,
113,B91,52.41382,-1.78238,,
114,B92,52.43628,-1.77345,,
115,B93,52.38048,-1.74288,,
116,B94,52.3509,-1.7915,,
117,B95,52.28524,-1.78008,,
118,B96,52.25217,-1.96044,,
119,B97,52.29893,-1.95454,,
120,B98,52.3034,-1.91346,,
121,BA1,51.39109,-2.35934,,
122,BA10,51.11291,-2.44576,,
123,BA11,51.23652,-2.32519,,
124,BA12,51.17117,-2.1874,,
125,BA13,51.26201,-2.17917,,
126,BA14,51.31863,-2.20092,,
127,BA15,51.35088,-2.26425,,
128,BA16,51.12489,-2.74313,,
129,BA2,51.35957,-2.37633,,
130,BA20,50.93753,-2.64193,,
131,BA21,50.95107,-2.63358,,
132,BA22,50.96814,-2.63666,,
133,BA3,51.27468,-2.47313,,
134,BA4,51.17102,-2.53073,,
135,BA5,51.21266,-2.65291,,
136,BA6,51.14042,-2.70478,,
137,BA7,51.08833,-2.51835,,
138,BA8,50.99883,-2.41046,,
139,BA9,51.05729,-2.40955,,
140,BB1,53.75625,-2.46265,,
141,BB10,53.79919,-2.21865,,
142,BB11,53.78294,-2.25196,,
143,BB12,53.80353,-2.29005,,
144,BB18,53.91433,-2.17053,,
145,BB2,53.74171,-2.50039,,
146,BB3,53.69781,-2.46503,,
147,BB4,53.70376,-2.28936,,
148,BB5,53.75477,-2.37162,,
149,BB6,53.79238,-2.41598,,
150,BB7,53.87338,-2.38636,,
151,BB8,53.85771,-2.1627,,
152,BB9,53.83695,-2.21429,,
153,BD1,53.79554,-1.75252,,
154,BD10,53.83143,-1.72496,,
155,BD11,53.75131,-1.67543,,
156,BD12,53.74611,-1.76039,,
157,BD13,53.78582,-1.85883,,
158,BD14,53.78217,-1.81635,,
159,BD15,53.80917,-1.83597,,
160,BD16,53.84871,-1.83278,,
161,BD17,53.84681,-1.76742,,
162,BD18,53.83154,-1.77662,,
163,BD19,53.72713,-1.712,,
164,BD2,53.81438,-1.73418,,
165,BD20,53.89646,-1.94673,,
166,BD21,53.86407,-1.90571,,
167,BD22,53.84522,-1.95288,,
168,BD23,53.99264,-2.05339,,
169,BD24,54.07773,-2.27361,,
170,BD3,53.79818,-1.72669,,
171,BD4,53.77569,-1.71773,,
172,BD5,53.77847,-1.75717,,
173,BD6,53.76414,-1.78305,,
174,BD7,53.78301,-1.78143,,
175,BD8,53.80099,-1.78134,,
176,BD9,53.81179,-1.78888,,
177,BH1,50.72427,-1.85973,,
178,BH10,50.75847,-1.89082,,
179,BH11,50.76119,-1.91634,,
180,BH12,50.73692,-1.9263,,
181,BH13,50.70993,-1.91785,,
182,BH14,50.72164,-1.94333,,
183,BH15,50.72165,-1.98442,,
184,BH16,50.73783,-2.04394,,
185,BH17,50.74593,-1.97449,,
186,BH18,50.75853,-1.99291,,
187,BH19,50.61102,-1.9689,,
188,BH2,50.72159,-1.88099,,
189,BH20,50.68648,-2.14582,,
190,BH21,50.81248,-1.97303,,
191,BH22,50.80524,-1.88787,,
192,BH23,50.74567,-1.75335,,
193,BH24,50.84377,-1.78551,,
194,BH25,50.75173,-1.65692,,
195,BH3,50.73508,-1.87954,,
196,BH31,50.87537,-1.87207,,
197,BH4,50.72071,-1.89799,,
198,BH5,50.72513,-1.83422,,
199,BH6,50.72688,-1.80446,,
200,BH7,50.73502,-1.83135,,
201,BH8,50.74044,-1.85118,,
202,BH9,50.74946,-1.871,,
203,BL0,53.64526,-2.31468,,
204,BL1,53.59002,-2.44421,,
205,BL2,53.58749,-2.39432,,
206,BL3,53.56489,-2.43186,,
207,BL4,53.54702,-2.39999,,
208,BL5,53.54928,-2.51473,,
209,BL6,53.59142,-2.53941,,
210,BL7,53.62965,-2.42194,,
211,BL8,53.60478,-2.32647,,
212,BL9,53.5914,-2.28557,,
213,BN1,50.839,-0.13786,,
214,BN10,50.7953,0.00232,,
215,BN11,50.81288,-0.37599,,
216,BN12,50.81354,-0.42423,,
217,BN13,50.83037,-0.40521,,
218,BN14,50.83181,-0.37959,,
219,BN15,50.83013,-0.32426,,
220,BN16,50.81446,-0.49377,,
221,BN17,50.81408,-0.53495,,
222,BN18,50.84881,-0.57933,,
223,BN2,50.82405,-0.10296,,
224,BN20,50.77449,0.25536,,
225,BN21,50.77228,0.27653,,
226,BN22,50.78832,0.2844,,
227,BN23,50.79764,0.31325,,
228,BN24,50.81618,0.3312,,
229,BN25,50.77633,0.10932,,
230,BN26,50.82098,0.22352,,
231,BN27,50.87146,0.2643,,
232,BN3,50.83419,-0.17498,,
233,BN41,50.8402,-0.21452,,
234,BN42,50.83686,-0.23169,,
235,BN43,50.83557,-0.26583,,
236,BN44,50.89036,-0.3221,,
237,BN45,50.8892,-0.18421,,
238,BN5,50.92645,-0.26815,,
239,BN6,50.92918,-0.15276,,
240,BN7,50.87719,0.00014,,
241,BN8,50.91318,0.05148,,
242,BN9,50.79536,0.05058,,
243,BR1,51.41107,0.02192,,
244,BR2,51.38858,0.02237,,
245,BR3,51.40297,-0.0302,,
246,BR4,51.37559,-0.00695,,
247,BR5,51.38983,0.10436,,
248,BR6,51.36575,0.0932,,
249,BR7,51.41019,0.07222,,
250,BR8,51.39751,0.1766,,
251,BS1,51.45309,-2.593,,
252,BS10,51.50606,-2.60954,,
253,BS11,51.49672,-2.67425,,
254,BS13,51.41163,-2.61116,,
255,BS14,51.41278,-2.56084,,
256,BS15,51.4589,-2.50527,,
257,BS16,51.48496,-2.50988,,
258,BS2,51.45945,-2.58013,,
259,BS20,51.47916,-2.75176,,
260,BS21,51.43443,-2.84886,,
261,BS22,51.36008,-2.92936,,
262,BS23,51.34266,-2.97065,,
263,BS24,51.32769,-2.93158,,
264,BS25,51.32039,-2.82522,,
265,BS26,51.27971,-2.85461,,
266,BS27,51.27131,-2.76987,,
267,BS28,51.22515,-2.81349,,
268,BS29,51.33081,-2.87709,,
269,BS3,51.43776,-2.60144,,
270,BS30,51.44465,-2.47201,,
271,BS31,51.4077,-2.49176,,
272,BS32,51.54228,-2.55955,,
273,BS34,51.52338,-2.56364,,
274,BS35,51.59629,-2.54866,,
275,BS36,51.52553,-2.48582,,
276,BS37,51.53928,-2.41675,,
277,BS39,51.32749,-2.53109,,
278,BS4,51.43437,-2.56111,,
279,BS40,51.34644,-2.69071,,
280,BS41,51.42221,-2.65158,,
281,BS48,51.42523,-2.748,,
282,BS49,51.3798,-2.81767,,
283,BS5,51.4614,-2.54992,,
284,BS6,51.47015,-2.59898,,
285,BS7,51.48643,-2.58047,,
286,BS8,51.45745,-2.62041,,
287,BS9,51.4871,-2.62513,,
288,BS99,51.45769,-2.57291,,
289,BT1,54.59941,-5.92838,,
290,BT10,54.55983,-5.98338,,
291,BT11,54.57556,-5.9973,,
292,BT12,54.59223,-5.95557,,
293,BT13,54.60563,-5.95842,,
294,BT14,54.62082,-5.96144,,
295,BT15,54.62362,-5.93071,,
296,BT16,54.591,-5.79746,,
297,BT17,54.55423,-6.01688,,
298,BT18,54.64154,-5.82079,,
299,BT19,54.6517,-5.66663,,
300,BT2,54.59309,-5.92932,,
301,BT20,54.65808,-5.6641,,
302,BT21,54.63826,-5.54448,,
303,BT22,54.5032,-5.51886,,
304,BT23,54.56301,-5.71437,,
305,BT24,54.41683,-5.87232,,
306,BT25,54.39545,-6.11078,,
307,BT26,54.45201,-6.06088,,
308,BT27,54.51004,-6.02027,,
309,BT28,54.52305,-6.08804,,
310,BT29,54.62018,-6.1939,,
311,BT3,54.61999,-5.90401,,
312,BT30,54.33396,-5.70444,,
313,BT31,54.27783,-5.96992,,
314,BT32,54.33502,-6.24483,,
315,BT33,54.22095,-5.89385,,
316,BT34,54.15466,-6.18034,,
317,BT35,54.16501,-6.44355,,
318,BT36,54.67682,-5.95448,,
319,BT37,54.67658,-5.90634,,
320,BT38,54.7295,-5.79799,,
321,BT39,54.74491,-6.0171,,
322,BT4,54.6023,-5.86668,,
323,BT40,54.84659,-5.82146,,
324,BT41,54.73301,-6.25997,,
325,BT42,54.85458,-6.28215,,
326,BT43,54.89024,-6.26565,,
327,BT44,54.97416,-6.28394,,
328,BT45,54.76045,-6.63935,,
329,BT46,54.86568,-6.66393,,
330,BT47,54.97386,-7.21151,,
331,BT48,55.00933,-7.32731,,
332,BT49,55.04774,-6.95153,,
333,BT5,54.5887,-5.87004,,
334,BT51,55.05761,-6.68,,
335,BT52,55.13423,-6.65285,,
336,BT53,55.08519,-6.47305,,
337,BT54,55.19997,-6.25787,,
338,BT55,55.17971,-6.71005,,
339,BT56,55.19824,-6.64932,,
340,BT57,55.2014,-6.51755,,
341,BT6,54.57974,-5.89706,,
342,BT60,54.29219,-6.64951,,
343,BT61,54.3679,-6.62264,,
344,BT62,54.41256,-6.46416,,
345,BT63,54.40362,-6.38916,,
346,BT64,54.44938,-6.39252,,
347,BT65,54.44496,-6.36581,,
348,BT66,54.45514,-6.33292,,
349,BT67,54.48713,-6.26832,,
350,BT68,54.36626,-6.84743,,
351,BT69,54.42425,-6.94843,,
352,BT7,54.58158,-5.92356,,
353,BT70,54.51495,-6.88672,,
354,BT71,54.51322,-6.70402,,
355,BT74,54.3432,-7.66425,,
356,BT75,54.37531,-7.31559,,
357,BT76,54.41941,-7.19167,,
358,BT77,54.42711,-7.11701,,
359,BT78,54.57165,-7.37371,,
360,BT79,54.62422,-7.20073,,
361,BT8,54.53994,-5.90409,,
362,BT80,54.64464,-6.74869,,
363,BT81,54.69395,-7.61369,,
364,BT82,54.82576,-7.42777,,
365,BT9,54.57176,-5.94894,,
366,BT92,54.22294,-7.46184,,
367,BT93,54.4651,-7.8264,,
368,BT94,54.37595,-7.54078,,
369,CA1,54.88535,-2.91046,,
370,CA10,54.61104,-2.65966,,
371,CA11,54.66422,-2.78611,,
372,CA12,54.60214,-3.13326,,
373,CA13,54.65997,-3.36589,,
374,CA14,54.63454,-3.53704,,
375,CA15,54.71165,-3.48096,,
376,CA16,54.57413,-2.48269,,
377,CA17,54.47841,-2.35037,,
378,CA18,54.35408,-3.38958,,
379,CA19,54.38651,-3.38297,,
380,CA2,54.88415,-2.9494,,
381,CA20,54.40987,-3.46081,,
382,CA21,54.44516,-3.51451,,
383,CA22,54.48001,-3.53123,,
384,CA23,54.51465,-3.49236,,
385,CA24,54.51493,-3.54181,,
386,CA25,54.52243,-3.51737,,
387,CA26,54.54445,-3.48108,,
388,CA27,54.49091,-3.59186,,
389,CA28,54.54324,-3.57689,,
390,CA3,54.9076,-2.93904,,
391,CA4,54.84636,-2.83326,,
392,CA5,54.85485,-3.0157,,
393,CA6,54.99423,-2.8926,,
394,CA7,54.80696,-3.23702,,
395,CA8,54.93895,-2.68531,,
396,CA9,54.80176,-2.4185,,
397,CB1,52.17611,0.18955,,
398,CB10,52.02989,0.26551,,
399,CB11,51.99938,0.21443,,
400,CB2,52.16276,0.13333,,
401,CB21,52.13194,0.29553,,
402,CB22,52.12718,0.12898,,
403,CB23,52.21349,-0.02215,,
404,CB24,52.31538,0.02762,,
405,CB25,52.26083,0.23615,,
406,CB3,52.21324,0.02448,,
407,CB4,52.24312,0.11521,,
408,CB5,52.23868,0.21021,,
409,CB6,52.40388,0.22434,,
410,CB7,52.36606,0.32087,,
411,CB8,52.23083,0.42659,,
412,CB9,52.08212,0.44187,,
413,CF10,51.47387,-3.17648,,
414,CF11,51.47281,-3.19229,,
415,CF14,51.51947,-3.20216,,
416,CF15,51.53401,-3.27319,,
417,CF23,51.5155,-3.15016,,
418,CF24,51.48479,-3.16379,,
419,CF3,51.51947,-3.11134,,
420,CF31,51.50876,-3.57514,,
421,CF32,51.55992,-3.58268,,
422,CF33,51.52424,-3.69101,,
423,CF34,51.61024,-3.65087,,
424,CF35,51.52211,-3.51793,,
425,CF36,51.48456,-3.69818,,
426,CF37,51.6026,-3.33288,,
427,CF38,51.56034,-3.33164,,
428,CF39,51.60153,-3.42382,,
429,CF40,51.62009,-3.45041,,
430,CF41,51.64758,-3.48164,,
431,CF42,51.66685,-3.52132,,
432,CF43,51.65788,-3.44872,,
433,CF44,51.71802,-3.45788,,
434,CF45,51.66882,-3.36085,,
435,CF46,51.66501,-3.3,,
436,CF47,51.75139,-3.37492,,
437,CF48,51.74067,-3.3688,,
438,CF5,51.48219,-3.2415,,
439,CF61,51.40748,-3.47962,,
440,CF62,51.40412,-3.30841,,
441,CF63,51.4119,-3.25542,,
442,CF64,51.43328,-3.18838,,
443,CF71,51.46176,-3.45402,,
444,CF72,51.52989,-3.39852,,
445,CF81,51.6998,-3.24311,,
446,CF82,51.65132,-3.236,,
447,CF83,51.58587,-3.2169,,
448,CH1,53.20173,-2.90732,,
449,CH2,53.2164,-2.86869,,
450,CH3,53.1664,-2.8213,,
451,CH4,53.16823,-2.93803,,
452,CH41,53.39402,-3.03022,,
453,CH42,53.37433,-3.02073,,
454,CH43,53.38299,-3.05853,,
455,CH44,53.41554,-3.03676,,
456,CH45,53.42801,-3.05061,,
457,CH46,53.40319,-3.11018,,
458,CH47,53.39634,-3.16866,,
459,CH48,53.37116,-3.16947,,
460,CH49,53.38079,-3.10208,,
461,CH5,53.20424,-3.04064,,
462,CH6,53.25003,-3.14518,,
463,CH60,53.32602,-3.09466,,
464,CH61,53.34754,-3.10122,,
465,CH62,53.33421,-2.98072,,
466,CH63,53.34474,-3.01101,,
467,CH64,53.28779,-3.04717,,
468,CH65,53.27729,-2.90142,,
469,CH66,53.27704,-2.93442,,
470,CH7,53.16924,-3.13256,,
471,CH8,53.28144,-3.24053,,
472,CM0,51.66221,0.83719,,
473,CM1,51.74454,0.45694,,
474,CM11,51.62335,0.44605,,
475,CM12,51.62757,0.41593,,
476,CM13,51.61564,0.33872,,
477,CM14,51.61835,0.29263,,
478,CM15,51.64328,0.30545,,
479,CM16,51.69981,0.12161,,
480,CM17,51.77043,0.14522,,
481,CM18,51.75584,0.10685,,
482,CM19,51.76,0.07515,,
483,CM2,51.72141,0.48754,,
484,CM20,51.77476,0.10483,,
485,CM21,51.81177,0.14718,,
486,CM22,51.86164,0.22218,,
487,CM23,51.87178,0.16021,,
488,CM24,51.8988,0.20657,,
489,CM3,51.71932,0.58445,,
490,CM4,51.67392,0.39235,,
491,CM5,51.72083,0.24857,,
492,CM6,51.8768,0.36678,,
493,CM7,51.89752,0.53797,,
494,CM77,51.86224,0.52554,,
495,CM8,51.80536,0.6387,,
496,CM9,51.74097,0.70159,,
497,CO1,51.88891,0.9096,,
498,CO10,52.05706,0.72355,,
499,CO11,51.94126,1.0789,,
500,CO12,51.93115,1.25427,,
501,CO13,51.83802,1.23884,,
502,CO14,51.84979,1.26873,,
503,CO15,51.7962,1.15605,,
504,CO16,51.82039,1.1258,,
505,CO2,51.86947,0.89527,,
506,CO3,51.88466,0.86281,,
507,CO4,51.90654,0.92383,,
508,CO5,51.81459,0.82209,,
509,CO6,51.92419,0.78968,,
510,CO7,51.8838,1.0052,,
511,CO8,51.97328,0.76797,,
512,CO9,51.96878,0.61043,,
513,CR0,51.37223,-0.07463,,
514,CR2,51.34983,-0.07988,,
515,CR3,51.28687,-0.07964,,
516,CR4,51.40415,-0.15813,,
517,CR5,51.31211,-0.13886,,
518,CR6,51.30799,-0.05149,,
519,CR7,51.39517,-0.10242,,
520,CR8,51.33594,-0.11061,,
521,CR9,51.37223,-0.07463,,
522,CT1,51.27719,1.08733,,
523,CT10,51.36208,1.43073,,
524,CT11,51.33557,1.41438,,
525,CT12,51.34216,1.37322,,
526,CT13,51.26692,1.33042,,
527,CT14,51.21582,1.38689,,
528,CT15,51.17109,1.28343,,
529,CT16,51.13996,1.30267,,
530,CT17,51.12845,1.29613,,
531,CT18,51.11447,1.15078,,
532,CT19,51.08785,1.1704,,
533,CT2,51.29261,1.08262,,
534,CT20,51.07899,1.16551,,
535,CT21,51.07233,1.07795,,
536,CT3,51.27743,1.21213,,
537,CT4,51.22462,1.06805,,
538,CT5,51.35318,1.03641,,
539,CT6,51.3642,1.13054,,
540,CT7,51.37122,1.30062,,
541,CT8,51.37996,1.3415,,
542,CT9,51.38304,1.3906,,
543,CV1,52.40939,-1.506,,
544,CV10,52.52535,-1.50028,,
545,CV11,52.51885,-1.45318,,
546,CV12,52.47399,-1.47288,,
547,CV13,52.61217,-1.41362,,
548,CV2,52.4227,-1.46467,,
549,CV21,52.36774,-1.27438,,
550,CV22,52.35522,-1.28633,,
551,CV23,52.36165,-1.30826,,
552,CV3,52.3931,-1.48119,,
553,CV31,52.27819,-1.52358,,
554,CV32,52.2962,-1.53072,,
555,CV33,52.25735,-1.48424,,
556,CV34,52.2829,-1.57924,,
557,CV35,52.229,-1.5944,,
558,CV36,52.06726,-1.62504,,
559,CV37,52.1853,-1.71328,,
560,CV4,52.39794,-1.56492,,
561,CV47,52.23349,-1.38494,,
562,CV5,52.41227,-1.55008,,
563,CV6,52.43188,-1.50722,,
564,CV7,52.44378,-1.563,,
565,CV8,52.3511,-1.54336,,
566,CV9,52.58493,-1.55864,,
567,CW1,53.10281,-2.43469,,
568,CW10,53.18907,-2.44604,,
569,CW11,53.1426,-2.36482,,
570,CW12,53.16455,-2.21093,,
571,CW2,53.08119,-2.44642,,
572,CW3,52.99952,-2.40534,,
573,CW4,53.20648,-2.34739,,
574,CW5,53.062,-2.52084,,
575,CW6,53.16197,-2.66565,,
576,CW7,53.19054,-2.52688,,
577,CW8,53.2533,-2.56363,,
578,CW9,53.25897,-2.50074,,
579,DA1,51.44637,0.20915,,
580,DA10,51.44445,0.30837,,
581,DA11,51.43455,0.35392,,
582,DA12,51.42757,0.38809,,
583,DA13,51.38235,0.35555,,
584,DA14,51.42475,0.11316,,
585,DA15,51.44029,0.09948,,
586,DA16,51.4644,0.10923,,
587,DA17,51.48706,0.14917,,
588,DA18,51.49165,0.14363,,
589,DA2,51.4315,0.23433,,
590,DA3,51.38417,0.30965,,
591,DA4,51.39106,0.23236,,
592,DA5,51.44033,0.14698,,
593,DA6,51.45484,0.14046,,
594,DA7,51.46552,0.14672,,
595,DA8,51.47574,0.17745,,
596,DA9,51.44771,0.27975,,
597,DD1,56.4611,-2.97702,,
598,DD10,56.74724,-2.4268,,
599,DD11,56.57312,-2.59738,,
600,DD2,56.46968,-3.02756,,
601,DD3,56.48257,-2.98894,,
602,DD4,56.48209,-2.93534,,
603,DD5,56.47812,-2.86217,,
604,DD6,56.43723,-2.92612,,
605,DD7,56.5033,-2.71814,,
606,DD8,56.6565,-2.92171,,
607,DD9,56.74798,-2.6672,,
608,DE1,52.91994,-1.47492,,
609,DE11,52.77372,-1.55377,,
610,DE12,52.72516,-1.55279,,
611,DE13,52.80741,-1.68844,,
612,DE14,52.80457,-1.6395,,
613,DE15,52.79908,-1.6084,,
614,DE21,52.93322,-1.43161,,
615,DE22,52.93351,-1.49559,,
616,DE23,52.90114,-1.49448,,
617,DE24,52.89016,-1.4515,,
618,DE3,52.90852,-1.54049,,
619,DE4,53.12707,-1.56357,,
620,DE45,53.21464,-1.6765,,
621,DE5,53.04456,-1.4018,,
622,DE55,53.10104,-1.37114,,
623,DE56,53.02152,-1.47369,,
624,DE6,52.99358,-1.7169,,
625,DE65,52.86651,-1.60927,,
626,DE7,52.9722,-1.32089,,
627,DE72,52.8933,-1.35929,,
628,DE73,52.84694,-1.43571,,
629,DE74,52.84368,-1.32884,,
630,DE75,53.01284,-1.35305,,
631,DG1,55.07353,-3.58045,,
632,DG10,55.31977,-3.43735,,
633,DG11,55.11331,-3.33584,,
634,DG12,54.98928,-3.25044,,
635,DG13,55.17291,-3.02849,,
636,DG14,55.08069,-2.98539,,
637,DG16,54.99731,-3.06777,,
638,DG2,55.06442,-3.65683,,
639,DG3,55.23678,-3.79927,,
640,DG4,55.37555,-3.95236,,
641,DG5,54.92201,-3.81016,,
642,DG6,54.83721,-4.05555,,
643,DG7,54.96738,-4.01219,,
644,DG8,54.87259,-4.51567,,
645,DG9,54.87815,-5.02123,,
646,DH1,54.78103,-1.56616,,
647,DH2,54.85933,-1.59648,,
648,DH3,54.87181,-1.56675,,
649,DH4,54.85444,-1.4906,,
650,DH5,54.82372,-1.45363,,
651,DH6,54.75276,-1.46391,,
652,DH7,54.78943,-1.66406,,
653,DH8,54.85541,-1.84422,,
654,DH9,54.86773,-1.70704,,
655,DL1,54.53016,-1.53637,,
656,DL10,54.41381,-1.69025,,
657,DL11,54.43841,-1.8751,,
658,DL12,54.57239,-1.98453,,
659,DL13,54.71619,-1.95343,,
660,DL14,54.65199,-1.68999,,
661,DL15,54.7096,-1.72836,,
662,DL16,54.69848,-1.60429,,
663,DL17,54.68118,-1.54086,,
664,DL2,54.5286,-1.6013,,
665,DL3,54.53209,-1.57035,,
666,DL4,54.63029,-1.64368,,
667,DL5,54.61749,-1.57565,,
668,DL6,54.37042,-1.38885,,
669,DL7,54.33761,-1.48471,,
670,DL8,54.29267,-1.78489,,
671,DL9,54.37521,-1.70902,,
672,DN1,53.52205,-1.1296,,
673,DN10,53.42705,-0.94339,,
674,DN11,53.45158,-1.08284,,
675,DN12,53.48313,-1.22082,,
676,DN14,53.70747,-0.93638,,
677,DN15,53.61469,-0.64994,,
678,DN16,53.56782,-0.63935,,
679,DN17,53.5721,-0.70114,,
680,DN18,53.68055,-0.44643,,
681,DN19,53.68387,-0.35847,,
682,DN2,53.53264,-1.10222,,
683,DN20,53.55723,-0.50531,,
684,DN21,53.41927,-0.70129,,
685,DN22,53.32352,-0.92643,,
686,DN3,53.54578,-1.05817,,
687,DN31,53.57014,-0.08648,,
688,DN32,53.56266,-0.06869,,
689,DN33,53.53974,-0.09691,,
690,DN34,53.55705,-0.11123,,
691,DN35,53.55494,-0.03583,,
692,DN36,53.51089,-0.03636,,
693,DN37,53.54033,-0.13461,,
694,DN38,53.56115,-0.39192,,
695,DN39,53.617,-0.33385,,
696,DN4,53.50581,-1.12088,,
697,DN40,53.6208,-0.22331,,
698,DN41,53.58351,-0.19466,,
699,DN5,53.53763,-1.17153,,
700,DN6,53.5961,-1.17643,,
701,DN7,53.58139,-1.01508,,
702,DN8,53.61415,-0.95535,,
703,DN9,53.50661,-0.89316,,
704,DT1,50.71093,-2.44052,,
705,DT10,50.93702,-2.33306,,
706,DT11,50.86091,-2.18047,,
707,DT2,50.74955,-2.45365,,
708,DT3,50.64067,-2.46674,,
709,DT4,50.60921,-2.4636,,
710,DT5,50.54724,-2.44041,,
711,DT6,50.73886,-2.77528,,
712,DT7,50.7286,-2.94657,,
713,DT8,50.81632,-2.7581,,
714,DT9,50.94086,-2.51529,,
715,DY1,52.51648,-2.0958,,
716,DY10,52.38594,-2.22483,,
717,DY11,52.38496,-2.26009,,
718,DY12,52.38569,-2.32916,,
719,DY13,52.33637,-2.28035,,
720,DY14,52.37985,-2.46282,,
721,DY2,52.49671,-2.08102,,
722,DY3,52.52994,-2.12826,,
723,DY4,52.53269,-2.05308,,
724,DY5,52.48049,-2.12223,,
725,DY6,52.49842,-2.16353,,
726,DY7,52.46596,-2.22376,,
727,DY8,52.45978,-2.15455,,
728,DY9,52.43554,-2.1221,,
729,E1,51.51766,-0.05841,,
730,E10,51.56814,-0.01153,,
731,E11,51.56769,0.01443,,
732,E12,51.54992,0.05404,,
733,E13,51.527,0.02705,,
734,E14,51.5062,-0.01855,,
735,E15,51.53911,0.00307,,
736,E16,51.51083,0.02633,,
737,E17,51.58623,-0.01796,,
738,E18,51.59176,0.02705,,
739,E1W,51.50775,-0.05739,,
740,E2,51.52939,-0.0608,,
741,E3,51.52789,-0.02482,,
742,E4,51.62196,-0.00339,,
743,E5,51.55893,-0.05233,,
744,E6,51.5256,0.05583,,
745,E7,51.54678,0.02793,,
746,E8,51.54202,-0.06315,,
747,E9,51.54258,-0.04293,,
748,EC1,51.52286,-0.10144,,
749,EC1A,51.52019,-0.103,,
750,EC1M,51.52106,-0.10152,,
751,EC1N,51.52026,-0.10732,,
752,EC1R,51.52475,-0.10713,,
753,EC1V,51.52549,-0.09701,,
754,EC1Y,51.52272,-0.0928,,
755,EC2,51.51995,-0.08859,,
756,EC2A,51.5226,-0.0856,,
757,EC2M,51.51811,-0.08578,,
758,EC2N,51.51631,-0.08586,,
759,EC2P,51.5167,-0.09356,,
760,EC2R,51.5164,-0.09162,,
761,EC2V,51.51553,-0.0931,,
762,EC2Y,51.52007,-0.09579,,
763,EC3,51.51357,-0.08309,,
764,EC3A,51.51534,-0.08158,,
765,EC3M,51.51267,-0.08313,,
766,EC3N,51.5126,-0.07881,,
767,EC3P,51.52016,-0.10156,,
768,EC3R,51.51179,-0.08461,,
769,EC3V,51.51361,-0.08597,,
770,EC4,51.51475,-0.10034,,
771,EC4A,51.51576,-0.10751,,
772,EC4M,51.51475,-0.10034,,
773,EC4N,51.51463,-0.09314,,
774,EC4R,51.51191,-0.09181,,
775,EC4V,51.51293,-0.09897,,
776,EC4Y,51.51397,-0.10758,,
777,EH1,55.95243,-3.1884,,
778,EH10,55.92077,-3.20984,,
779,EH11,55.93387,-3.24867,,
780,EH12,55.94262,-3.27137,,
781,EH13,55.90788,-3.24144,,
782,EH14,55.90925,-3.28308,,
783,EH15,55.94686,-3.11136,,
784,EH16,55.92221,-3.15387,,
785,EH17,55.90704,-3.14222,,
786,EH18,55.87667,-3.12215,,
787,EH19,55.87324,-3.10446,,
788,EH2,55.95417,-3.19486,,
789,EH20,55.87905,-3.15579,,
790,EH21,55.93845,-3.04548,,
791,EH22,55.88441,-3.06001,,
792,EH23,55.83956,-3.05081,,
793,EH24,55.85051,-3.13257,,
794,EH25,55.85821,-3.17434,,
795,EH26,55.83257,-3.22307,,
796,EH27,55.89063,-3.42319,,
797,EH28,55.9306,-3.38624,,
798,EH29,55.95652,-3.39838,,
799,EH3,55.95412,-3.19967,,
800,EH30,55.98455,-3.38336,,
801,EH31,56.03627,-2.82661,,
802,EH32,55.96799,-2.94853,,
803,EH33,55.94196,-2.94469,,
804,EH34,55.90919,-2.8799,,
805,EH35,55.91053,-2.94233,,
806,EH36,55.85637,-2.85155,,
807,EH37,55.86188,-2.95873,,
808,EH38,55.78638,-2.96006,,
809,EH39,56.04766,-2.73052,,
810,EH4,55.96253,-3.25761,,
811,EH40,55.99057,-2.6557,,
812,EH41,55.94854,-2.7751,,
813,EH42,55.99389,-2.52428,,
814,EH43,55.62422,-3.0101,,
815,EH44,55.62015,-3.06558,,
816,EH45,55.65494,-3.19209,,
817,EH46,55.73689,-3.3491,,
818,EH47,55.85976,-3.66336,,
819,EH48,55.9011,-3.66353,,
820,EH49,55.97656,-3.59785,,
821,EH5,55.97463,-3.21633,,
822,EH51,56.01153,-3.6041,,
823,EH52,55.93756,-3.48256,,
824,EH53,55.8936,-3.47608,,
825,EH54,55.89212,-3.524,,
826,EH55,55.84748,-3.57178,,
827,EH6,55.97144,-3.17456,,
828,EH7,55.96075,-3.16463,,
829,EH8,55.94909,-3.16268,,
830,EH9,55.9336,-3.18463,,
831,EN1,51.6536,-0.06707,,
832,EN10,51.74005,-0.01992,,
833,EN11,51.76502,-0.00723,,
834,EN2,51.6585,-0.09144,,
835,EN3,51.65852,-0.03794,,
836,EN4,51.6479,-0.15983,,
837,EN5,51.64934,-0.19447,,
838,EN6,51.69942,-0.17656,,
839,EN7,51.71025,-0.0661,,
840,EN8,51.69799,-0.03189,,
841,EN9,51.69451,0.01427,,
842,EX1,50.72543,-3.50479,,
843,EX10,50.69252,-3.24461,,
844,EX11,50.74603,-3.28714,,
845,EX12,50.70585,-3.08066,,
846,EX13,50.78655,-3.00733,,
847,EX14,50.81272,-3.1896,,
848,EX15,50.87675,-3.33907,,
849,EX16,50.92258,-3.49122,,
850,EX17,50.81176,-3.70205,,
851,EX18,50.90155,-3.88739,,
852,EX19,50.87712,-4.0044,,
853,EX2,50.70998,-3.51705,,
854,EX20,50.75004,-4.01882,,
855,EX21,50.80507,-4.20857,,
856,EX22,50.82804,-4.3673,,
857,EX23,50.82366,-4.53323,,
858,EX24,50.73816,-3.08849,,
859,EX3,50.68645,-3.45824,,
860,EX31,51.08566,-4.06339,,
861,EX32,51.07115,-4.01849,,
862,EX33,51.11343,-4.16894,,
863,EX34,51.19829,-4.10278,,
864,EX35,51.2236,-3.82749,,
865,EX36,51.01638,-3.79224,,
866,EX37,50.97875,-3.95179,,
867,EX38,50.94376,-4.15107,,
868,EX39,51.01394,-4.24557,,
869,EX4,50.73055,-3.52621,,
870,EX5,50.75684,-3.43916,,
871,EX6,50.67744,-3.59668,,
872,EX7,50.59183,-3.47227,,
873,EX8,50.62958,-3.40133,,
874,EX9,50.6386,-3.32239,,
875,FK1,55.98555,-3.79381,,
876,FK10,56.11516,-3.78053,,
877,FK11,56.15009,-3.84977,,
878,FK12,56.15263,-3.79998,,
879,FK13,56.15078,-3.74032,,
880,FK14,56.16536,-3.66044,,
881,FK15,56.20249,-3.94903,,
882,FK16,56.19081,-4.05966,,
883,FK17,56.24019,-4.21887,,
884,FK18,56.32448,-4.32728,,
885,FK19,56.37057,-4.3139,,
886,FK2,56.00499,-3.75461,,
887,FK20,56.4065,-4.63059,,
888,FK21,56.46574,-4.31969,,
889,FK3,56.01087,-3.71958,,
890,FK4,55.99734,-3.90662,,
891,FK5,56.02564,-3.81814,,
892,FK6,56.02149,-3.91423,,
893,FK7,56.09695,-3.91636,,
894,FK8,56.13075,-4.05001,,
895,FK9,56.14242,-3.93955,,
896,FY1,53.81551,-3.04509,,
897,FY2,53.84524,-3.03823,,
898,FY3,53.82111,-3.02092,,
899,FY4,53.79139,-3.02779,,
900,FY5,53.87415,-3.02069,,
901,FY6,53.86819,-2.981,,
902,FY7,53.91635,-3.02629,,
903,FY8,53.75026,-3.001,,
904,G1,55.86038,-4.24671,,
905,G11,55.87356,-4.31142,,
906,G12,55.88006,-4.30061,,
907,G13,55.89358,-4.3462,,
908,G14,55.88095,-4.34864,,
909,G15,55.9094,-4.36476,,
910,G2,55.86382,-4.2549,,
911,G20,55.8858,-4.28176,,
912,G21,55.88063,-4.22069,,
913,G22,55.88998,-4.25002,,
914,G23,55.90193,-4.28431,,
915,G3,55.86619,-4.27262,,
916,G31,55.85748,-4.20819,,
917,G32,55.8484,-4.16293,,
918,G33,55.87351,-4.16593,,
919,G34,55.86817,-4.11128,,
920,G4,55.86837,-4.25196,,
921,G40,55.84824,-4.22204,,
922,G41,55.83815,-4.28216,,
923,G42,55.83234,-4.25627,,
924,G43,55.81825,-4.28898,,
925,G44,55.81438,-4.25523,,
926,G45,55.80494,-4.23074,,
927,G46,55.80446,-4.30573,,
928,G5,55.84769,-4.25237,,
929,G51,55.85734,-4.31365,,
930,G52,55.8477,-4.34823,,
931,G53,55.82157,-4.35145,,
932,G60,55.92205,-4.45358,,
933,G61,55.91905,-4.33014,,
934,G62,55.94261,-4.32034,,
935,G63,56.04243,-4.36487,,
936,G64,55.91127,-4.21604,,
937,G65,55.97334,-4.0577,,
938,G66,55.94024,-4.15364,,
939,G67,55.94755,-3.98586,,
940,G68,55.95345,-4.01019,,
941,G69,55.87372,-4.10199,,
942,G71,55.8221,-4.07206,,
943,G72,55.80406,-4.12856,,
944,G73,55.81977,-4.20605,,
945,G74,55.76912,-4.17289,,
946,G76,55.77811,-4.27227,,
947,G77,55.77345,-4.32941,,
948,G78,55.79259,-4.40873,,
949,G81,55.91309,-4.4066,,
950,G82,55.95195,-4.57403,,
951,G83,56.01196,-4.58444,,
952,G84,56.0137,-4.75306,,
953,GL1,51.8599,-2.23962,,
954,GL10,51.7429,-2.28391,,
955,GL11,51.68875,-2.35591,,
956,GL12,51.62482,-2.3843,,
957,GL13,51.69289,-2.45867,,
958,GL14,51.81691,-2.47879,,
959,GL15,51.73656,-2.55036,,
960,GL16,51.79561,-2.61054,,
961,GL17,51.85542,-2.51405,,
962,GL18,51.94124,-2.41464,,
963,GL19,51.94252,-2.28662,,
964,GL2,51.84635,-2.26714,,
965,GL20,52.00304,-2.12966,,
966,GL3,51.86451,-2.17719,,
967,GL4,51.84196,-2.2163,,
968,GL5,51.73855,-2.2187,,
969,GL50,51.89968,-2.07995,,
970,GL51,51.89876,-2.10756,,
971,GL52,51.91588,-2.05816,,
972,GL53,51.88081,-2.06684,,
973,GL54,51.89693,-1.86338,,
974,GL55,52.06043,-1.76806,,
975,GL56,51.98836,-1.70435,,
976,GL6,51.735,-2.19117,,
977,GL7,51.71263,-1.89723,,
978,GL8,51.64151,-2.17054,,
979,GL9,51.55763,-2.29718,,
980,GU1,51.24255,-0.56436,,
981,GU10,51.1975,-0.79622,,
982,GU11,51.24841,-0.76194,,
983,GU12,51.25167,-0.73032,,
984,GU13,51.27436,-0.83723,,
985,GU14,51.29246,-0.76075,,
986,GU15,51.3345,-0.73952,,
987,GU16,51.311,-0.72868,,
988,GU17,51.32959,-0.78559,,
989,GU18,51.34813,-0.67021,,
990,GU19,51.35914,-0.69,,
991,GU2,51.24468,-0.59152,,
992,GU20,51.36776,-0.65671,,
993,GU21,51.32006,-0.57773,,
994,GU22,51.31162,-0.54929,,
995,GU23,51.29671,-0.50816,,
996,GU24,51.32963,-0.62625,,
997,GU25,51.4009,-0.56948,,
998,GU26,51.11243,-0.74557,,
999,GU27,51.08155,-0.71785,,
1000,GU28,50.99061,-0.62915,,
1001,GU29,50.98383,-0.74619,,
1002,GU3,51.24596,-0.62301,,
1003,GU30,51.07435,-0.80228,,
1004,GU31,50.9962,-0.90263,,
1005,GU32,51.00849,-0.96934,,
1006,GU33,51.04915,-0.89139,,
1007,GU34,51.13902,-0.98359,,
1008,GU35,51.11617,-0.84692,,
1009,GU4,51.24315,-0.53999,,
1010,GU46,51.3372,-0.82559,,
1011,GU47,51.34761,-0.78799,,
1012,GU5,51.20237,-0.51551,,
1013,GU51,51.28338,-0.83987,,
1014,GU52,51.26447,-0.83748,,
1015,GU6,51.14078,-0.48174,,
1016,GU7,51.18915,-0.61039,,
1017,GU8,51.15082,-0.64014,,
1018,GU9,51.21815,-0.79282,,
1019,GY1,49.45856,-2.53684,,
1020,GY2,49.57871,-2.49362,,
1021,GY3,49.52875,-2.45821,,
1022,GY4,49.52875,-2.45821,,
1023,GY5,49.4826,-2.58101,,
1024,GY6,49.52875,-2.45821,,
1025,GY7,49.52875,-2.45821,,
1026,GY8,49.52875,-2.45821,,
1027,GY9,49.57183,-2.28244,,
1028,HA0,51.55024,-0.3037,,
1029,HA1,51.57948,-0.33581,,
1030,HA2,51.57349,-0.35768,,
1031,HA3,51.59274,-0.31945,,
1032,HA4,51.56971,-0.40977,,
1033,HA5,51.59455,-0.38436,,
1034,HA6,51.61032,-0.41991,,
1035,HA7,51.60965,-0.30727,,
1036,HA8,51.61094,-0.27255,,
1037,HA9,51.55898,-0.28606,,
1038,HD1,53.64639,-1.78819,,
1039,HD2,53.66794,-1.77446,,
1040,HD3,53.65274,-1.8275,,
1041,HD4,53.62662,-1.79585,,
1042,HD5,53.6472,-1.74583,,
1043,HD6,53.70121,-1.78186,,
1044,HD7,53.62404,-1.87601,,
1045,HD8,53.6012,-1.6796,,
1046,HD9,53.57988,-1.79457,,
1047,HG1,53.99983,-1.53313,,
1048,HG2,53.98722,-1.52565,,
1049,HG3,54.03069,-1.61676,,
1050,HG4,54.15636,-1.5666,,
1051,HG5,54.013,-1.45668,,
1052,HP1,51.75509,-0.48731,,
1053,HP10,51.60928,-0.70159,,
1054,HP11,51.62413,-0.74451,,
1055,HP12,51.62538,-0.77771,,
1056,HP13,51.63309,-0.74137,,
1057,HP14,51.64839,-0.82913,,
1058,HP15,51.65615,-0.71182,,
1059,HP16,51.70208,-0.71775,,
1060,HP17,51.77558,-0.86933,,
1061,HP18,51.81347,-0.98155,,
1062,HP19,51.8219,-0.82464,,
1063,HP2,51.76273,-0.45227,,
1064,HP20,51.81898,-0.80295,,
1065,HP21,51.80641,-0.80473,,
1066,HP22,51.80601,-0.76558,,
1067,HP23,51.79496,-0.66001,,
1068,HP27,51.71944,-0.83019,,
1069,HP3,51.73689,-0.47054,,
1070,HP4,51.76688,-0.56663,,
1071,HP5,51.71251,-0.60744,,
1072,HP6,51.67823,-0.59836,,
1073,HP7,51.66487,-0.6089,,
1074,HP8,51.64286,-0.57344,,
1075,HP9,51.61035,-0.63801,,
1076,HR1,52.06415,-2.66963,,
1077,HR2,52.0095,-2.78393,,
1078,HR3,52.09353,-3.07446,,
1079,HR4,52.08784,-2.76632,,
1080,HR5,52.19196,-3.02708,,
1081,HR6,52.23258,-2.77028,,
1082,HR7,52.18629,-2.52079,,
1083,HR8,52.04454,-2.44331,,
1084,HR9,51.90816,-2.58153,,
1085,HS1,58.21347,-6.38138,,
1086,HS2,58.24916,-6.46768,,
1087,HS3,57.87876,-6.85387,,
1088,HS4,57.86961,-6.69056,,
1089,HS5,57.79992,-6.96123,,
1090,HS6,57.6008,-7.29943,,
1091,HS7,57.44703,-7.33888,,
1092,HS8,57.23253,-7.34593,,
1093,HS9,56.97148,-7.47153,,
1094,HU1,53.74288,-0.33494,,
1095,HU10,53.75149,-0.44078,,
1096,HU11,53.82572,-0.21921,,
1097,HU12,53.72369,-0.13105,,
1098,HU13,53.72446,-0.43572,,
1099,HU14,53.72799,-0.50078,,
1100,HU15,53.74831,-0.62139,,
1101,HU16,53.78179,-0.41993,,
1102,HU17,53.8466,-0.42661,,
1103,HU18,53.90944,-0.16692,,
1104,HU19,53.72277,0.03566,,
1105,HU2,53.75011,-0.33769,,
1106,HU20,53.78836,-0.51229,,
1107,HU3,53.74148,-0.36381,,
1108,HU4,53.73568,-0.40043,,
1109,HU5,53.75961,-0.37524,,
1110,HU6,53.7811,-0.36834,,
1111,HU7,53.7886,-0.32554,,
1112,HU8,53.76845,-0.29903,,
1113,HU9,53.75567,-0.28589,,
1114,HX1,53.72111,-1.86966,,
1115,HX2,53.73733,-1.90448,,
1116,HX3,53.72648,-1.84387,,
1117,HX4,53.67978,-1.88039,,
1118,HX5,53.68601,-1.83494,,
1119,HX6,53.69779,-1.92426,,
1120,HX7,53.73916,-2.00758,,
1121,IG1,51.55855,0.07463,,
1122,IG10,51.64775,0.06569,,
1123,IG11,51.53573,0.09378,,
1124,IG2,51.57373,0.08109,,
1125,IG3,51.56168,0.10074,,
1126,IG4,51.57688,0.05525,,
1127,IG5,51.58749,0.06584,,
1128,IG6,51.59247,0.08917,,
1129,IG7,51.61316,0.08867,,
1130,IG8,51.60694,0.0335,,
1131,IG9,51.62391,0.04004,,
1132,IM1,54.15048,-4.48174,,
1133,IM2,54.17891,-4.46857,,
1134,IM3,54.17219,-4.45155,,
1135,IM4,54.18407,-4.53302,,
1136,IM5,54.19316,-4.7065,,
1137,IM6,54.28659,-4.58037,,
1138,IM7,54.32613,-4.41041,,
1139,IM8,54.278,-4.08474,,
1140,IM9,54.09184,-4.68352,,
1141,IP1,52.06644,1.14151,,
1142,IP10,52.01888,1.26939,,
1143,IP11,51.97028,1.3343,,
1144,IP12,52.09243,1.37262,,
1145,IP13,52.18475,1.32107,,
1146,IP14,52.20597,1.03423,,
1147,IP15,52.15686,1.59688,,
1148,IP16,52.20397,1.58604,,
1149,IP17,52.22985,1.50316,,
1150,IP18,52.32995,1.67259,,
1151,IP19,52.33982,1.4957,,
1152,IP2,52.04501,1.13563,,
1153,IP20,52.40601,1.3215,,
1154,IP21,52.36431,1.23608,,
1155,IP22,52.37548,1.05319,,
1156,IP23,52.30615,1.12472,,
1157,IP24,52.41869,0.75903,,
1158,IP25,52.58588,0.83892,,
1159,IP26,52.50733,0.57739,,
1160,IP27,52.4298,0.5861,,
1161,IP28,52.32627,0.54924,,
1162,IP29,52.19245,0.66303,,
1163,IP3,52.0418,1.18792,,
1164,IP30,52.20909,0.83679,,
1165,IP31,52.29023,0.82877,,
1166,IP32,52.25326,0.71797,,
1167,IP33,52.24178,0.70848,,
1168,IP4,52.06,1.18046,,
1169,IP5,52.06102,1.24182,,
1170,IP6,52.131,1.11536,,
1171,IP7,52.06872,0.94901,,
1172,IP8,52.06169,1.0828,,
1173,IP9,51.99067,1.14931,,
1174,IV1,57.4874,-4.23059,,
1175,IV10,57.58536,-4.12616,,
1176,IV11,57.67758,-4.03762,,
1177,IV12,57.57422,-3.86458,,
1178,IV13,57.3428,-4.01239,,
1179,IV14,57.58564,-4.54783,,
1180,IV15,57.59965,-4.42996,,
1181,IV16,57.66431,-4.33703,,
1182,IV17,57.69985,-4.26043,,
1183,IV18,57.70169,-4.15479,,
1184,IV19,57.80478,-4.06162,,
1185,IV2,57.46833,-4.19107,,
1186,IV20,57.78653,-3.90748,,
1187,IV21,57.72377,-5.72019,,
1188,IV22,57.74156,-5.50682,,
1189,IV23,57.77322,-5.01018,,
1190,IV24,57.89133,-4.35512,,
1191,IV25,57.89135,-4.04295,,
1192,IV26,57.91578,-5.17243,,
1193,IV27,58.27684,-4.80032,,
1194,IV28,58.01527,-4.15668,,
1195,IV3,57.47726,-4.24499,,
1196,IV30,57.65468,-3.32732,,
1197,IV31,57.71706,-3.28931,,
1198,IV32,57.63161,-3.11041,,
1199,IV36,57.61104,-3.60363,,
1200,IV4,57.44843,-4.53328,,
1201,IV40,57.27446,-5.64981,,
1202,IV41,57.27372,-5.73605,,
1203,IV42,57.23946,-5.82877,,
1204,IV43,57.1555,-5.81015,,
1205,IV44,57.11488,-5.87374,,
1206,IV45,57.06714,-5.90508,,
1207,IV46,57.1141,-5.98441,,
1208,IV47,57.29467,-6.34284,,
1209,IV48,57.31102,-6.09713,,
1210,IV49,57.2277,-5.94693,,
1211,IV5,57.4679,-4.4112,,
1212,IV51,57.48055,-6.24636,,
1213,IV52,57.33737,-5.65106,,
1214,IV53,57.34465,-5.55367,,
1215,IV54,57.43101,-5.61538,,
1216,IV55,57.45873,-6.611,,
1217,IV56,57.36636,-6.4279,,
1218,IV6,57.52634,-4.45682,,
1219,IV63,57.32228,-4.50465,,
1220,IV7,57.58435,-4.38376,,
1221,IV8,57.55419,-4.26477,,
1222,IV9,57.56922,-4.17706,,
1223,JE1,49.19094,-2.11961,,
1224,JE2,49.20183,-2.10719,,
1225,JE3,49.18581,-2.13418,,
1226,JE4,49.19392,-2.09104,,
1227,KA1,55.5958,-4.49509,,
1228,KA10,55.54945,-4.64755,,
1229,KA11,55.61736,-4.62512,,
1230,KA12,55.61923,-4.66337,,
1231,KA13,55.6553,-4.69921,,
1232,KA14,55.74041,-4.67162,,
1233,KA15,55.74859,-4.62596,,
1234,KA16,55.60713,-4.33065,,
1235,KA17,55.61075,-4.28164,,
1236,KA18,55.45063,-4.23917,,
1237,KA19,55.34585,-4.66707,,
1238,KA2,55.59619,-4.56338,,
1239,KA20,55.64157,-4.75072,,
1240,KA21,55.64176,-4.78253,,
1241,KA22,55.65019,-4.80697,,
1242,KA23,55.69135,-4.85449,,
1243,KA24,55.70981,-4.71412,,
1244,KA25,55.75263,-4.6884,,
1245,KA26,55.21894,-4.83313,,
1246,KA27,55.5388,-5.17162,,
1247,KA28,55.75447,-4.92287,,
1248,KA29,55.75701,-4.85291,,
1249,KA3,55.64435,-4.49499,,
1250,KA30,55.79725,-4.86224,,
1251,KA4,55.59894,-4.38256,,
1252,KA5,55.50987,-4.38668,,
1253,KA6,55.41582,-4.50427,,
1254,KA7,55.44739,-4.62805,,
1255,KA8,55.4711,-4.61222,,
1256,KA9,55.49734,-4.60446,,
1257,KT1,51.40713,-0.29606,,
1258,KT10,51.36749,-0.35357,,
1259,KT11,51.32769,-0.40237,,
1260,KT12,51.37721,-0.40639,,
1261,KT13,51.36788,-0.44838,,
1262,KT14,51.33869,-0.48526,,
1263,KT15,51.36309,-0.49451,,
1264,KT16,51.38312,-0.51398,,
1265,KT17,51.34078,-0.24827,,
1266,KT18,51.3167,-0.2621,,
1267,KT19,51.35096,-0.26799,,
1268,KT2,51.41602,-0.28854,,
1269,KT20,51.28564,-0.23029,,
1270,KT21,51.31098,-0.30106,,
1271,KT22,51.3007,-0.33731,,
1272,KT23,51.28137,-0.36956,,
1273,KT24,51.26869,-0.42879,,
1274,KT3,51.39935,-0.25609,,
1275,KT4,51.37757,-0.24255,,
1276,KT5,51.39171,-0.28657,,
1277,KT6,51.3892,-0.2996,,
1278,KT7,51.38959,-0.3269,,
1279,KT8,51.40089,-0.36243,,
1280,KT9,51.36405,-0.30197,,
1281,KW1,58.45801,-3.12092,,
1282,KW10,57.97509,-3.975,,
1283,KW11,58.30505,-4.12991,,
1284,KW12,58.50634,-3.49149,,
1285,KW13,58.45518,-3.89556,,
1286,KW14,58.58913,-3.55523,,
1287,KW15,58.9803,-2.95862,,
1288,KW16,58.95963,-3.27278,,
1289,KW17,59.04195,-3.00217,,
1290,KW2,58.34893,-3.16359,,
1291,KW3,58.30741,-3.27829,,
1292,KW5,58.28747,-3.38163,,
1293,KW6,58.24908,-3.44148,,
1294,KW7,58.18641,-3.50018,,
1295,KW8,58.11611,-3.6636,,
1296,KW9,58.0137,-3.85692,,
1297,KY1,56.12815,-3.1375,,
1298,KY10,56.23024,-2.70011,,
1299,KY11,56.0471,-3.4145,,
1300,KY12,56.07674,-3.49272,,
1301,KY13,56.20866,-3.43173,,
1302,KY14,56.31048,-3.23992,,
1303,KY15,56.30055,-3.0505,,
1304,KY16,56.34184,-2.81865,,
1305,KY2,56.12234,-3.18238,,
1306,KY3,56.06346,-3.23037,,
1307,KY4,56.11421,-3.36066,,
1308,KY5,56.14548,-3.29416,,
1309,KY6,56.19678,-3.19756,,
1310,KY7,56.19719,-3.15405,,
1311,KY8,56.19755,-3.01061,,
1312,KY9,56.20965,-2.83356,,
1313,L1,53.40254,-2.97928,,
1314,L10,53.47398,-2.92668,,
1315,L11,53.44801,-2.91407,,
1316,L12,53.43467,-2.89421,,
1317,L13,53.4174,-2.91943,,
1318,L14,53.41861,-2.87883,,
1319,L15,53.39763,-2.91901,,
1320,L16,53.39876,-2.88744,,
1321,L17,53.37769,-2.93962,,
1322,L18,53.38064,-2.90661,,
1323,L19,53.3591,-2.90165,,
1324,L2,53.40696,-2.98841,,
1325,L20,53.45281,-2.98797,,
1326,L21,53.4707,-2.99893,,
1327,L22,53.47676,-3.0262,,
1328,L23,53.49118,-3.02203,,
1329,L24,53.34339,-2.83672,,
1330,L25,53.37827,-2.86296,,
1331,L26,53.3641,-2.83262,,
1332,L27,53.38744,-2.83758,,
1333,L28,53.4349,-2.86411,,
1334,L29,53.50679,-2.98319,,
1335,L3,53.4088,-2.98394,,
1336,L30,53.48442,-2.97062,,
1337,L31,53.51346,-2.93659,,
1338,L32,53.47786,-2.88909,,
1339,L33,53.48965,-2.87577,,
1340,L34,53.43614,-2.81445,,
1341,L35,53.41478,-2.78244,,
1342,L36,53.41439,-2.83962,,
1343,L37,53.55735,-3.06288,,
1344,L38,53.5242,-3.04998,,
1345,L39,53.56142,-2.89537,,
1346,L4,53.43775,-2.96052,,
1347,L40,53.60227,-2.84032,,
1348,L5,53.42505,-2.97529,,
1349,L6,53.41896,-2.94956,,
1350,L69,53.40709,-2.97337,,
1351,L7,53.40549,-2.94776,,
1352,L70,53.40891,-2.9704,,
1353,L8,53.39009,-2.96246,,
1354,L9,53.4612,-2.95201,,
1355,LA1,54.04663,-2.79885,,
1356,LA10,54.31433,-2.49348,,
1357,LA11,54.20034,-2.92446,,
1358,LA12,54.20351,-3.08246,,
1359,LA13,54.11792,-3.19805,,
1360,LA14,54.1185,-3.2302,,
1361,LA15,54.15588,-3.1777,,
1362,LA16,54.1862,-3.20155,,
1363,LA17,54.2386,-3.17545,,
1364,LA18,54.21512,-3.27448,,
1365,LA19,54.29312,-3.37523,,
1366,LA2,54.06537,-2.6739,,
1367,LA20,54.29404,-3.20469,,
1368,LA21,54.3645,-3.07283,,
1369,LA22,54.42276,-2.98649,,
1370,LA23,54.37122,-2.91136,,
1371,LA3,54.05058,-2.87683,,
1372,LA4,54.06964,-2.85125,,
1373,LA5,54.14287,-2.78998,,
1374,LA6,54.17537,-2.61134,,
1375,LA7,54.22568,-2.77162,,
1376,LA8,54.32373,-2.75961,,
1377,LA9,54.32563,-2.74273,,
1378,LD1,52.26047,-3.3657,,
1379,LD2,52.14145,-3.39275,,
1380,LD3,51.96006,-3.37111,,
1381,LD4,52.11786,-3.55416,,
1382,LD5,52.12692,-3.61584,,
1383,LD6,52.30909,-3.50804,,
1384,LD7,52.3524,-3.08513,,
1385,LD8,52.26735,-3.04348,,
1386,LE1,52.63379,-1.12812,,
1387,LE10,52.53641,-1.36744,,
1388,LE11,52.76927,-1.21584,,
1389,LE12,52.76641,-1.19217,,
1390,LE13,52.76572,-0.88536,,
1391,LE14,52.7838,-0.89527,,
1392,LE15,52.65594,-0.70037,,
1393,LE16,52.48616,-0.89244,,
1394,LE17,52.4669,-1.17706,,
1395,LE18,52.58332,-1.11141,,
1396,LE19,52.57718,-1.21047,,
1397,LE2,52.60942,-1.11531,,
1398,LE3,52.62876,-1.17993,,
1399,LE4,52.66342,-1.12309,,
1400,LE5,52.63616,-1.08521,,
1401,LE6,52.66244,-1.24141,,
1402,LE65,52.74819,-1.4681,,
1403,LE67,52.71619,-1.36041,,
1404,LE7,52.67739,-1.06808,,
1405,LE8,52.55264,-1.09728,,
1406,LE9,52.57012,-1.28728,,
1407,LL11,53.06314,-3.03425,,
1408,LL12,53.08601,-2.98851,,
1409,LL13,53.0359,-2.95902,,
1410,LL14,52.99198,-3.05043,,
1411,LL15,53.10263,-3.31455,,
1412,LL16,53.18489,-3.43231,,
1413,LL17,53.25319,-3.4346,,
1414,LL18,53.31023,-3.47554,,
1415,LL19,53.33082,-3.40866,,
1416,LL20,52.95949,-3.15982,,
1417,LL21,52.99006,-3.40947,,
1418,LL22,53.26827,-3.59257,,
1419,LL23,52.90493,-3.60003,,
1420,LL24,53.05695,-3.78474,,
1421,LL25,53.0546,-3.87866,,
1422,LL26,53.13877,-3.78514,,
1423,LL27,53.14718,-3.82288,,
1424,LL28,53.28749,-3.75983,,
1425,LL29,53.28916,-3.70738,,
1426,LL30,53.31813,-3.81514,,
1427,LL31,53.29035,-3.80946,,
1428,LL32,53.26022,-3.83968,,
1429,LL33,53.24987,-3.98015,,
1430,LL34,53.27076,-3.91212,,
1431,LL35,52.54657,-4.04127,,
1432,LL36,52.60374,-4.06313,,
1433,LL37,52.66546,-4.0823,,
1434,LL38,52.69767,-4.03943,,
1435,LL39,52.71076,-4.01043,,
1436,LL40,52.75614,-3.87468,,
1437,LL41,52.96914,-3.9375,,
1438,LL42,52.7253,-4.05405,,
1439,LL43,52.77409,-4.09193,,
1440,LL44,52.79111,-4.09572,,
1441,LL45,52.81989,-4.09562,,
1442,LL46,52.85477,-4.10621,,
1443,LL47,52.9014,-4.06237,,
1444,LL48,52.93544,-4.06994,,
1445,LL49,52.92883,-4.13808,,
1446,LL51,52.97377,-4.23712,,
1447,LL52,52.92425,-4.24052,,
1448,LL53,52.88418,-4.49117,,
1449,LL54,53.05829,-4.28478,,
1450,LL55,53.13355,-4.20355,,
1451,LL56,53.18669,-4.19879,,
1452,LL57,53.20718,-4.10998,,
1453,LL58,53.28022,-4.09857,,
1454,LL59,53.23417,-4.15926,,
1455,LL60,53.21505,-4.26915,,
1456,LL61,53.1954,-4.26212,,
1457,LL62,53.21007,-4.38572,,
1458,LL63,53.21824,-4.47007,,
1459,LL64,53.22805,-4.51709,,
1460,LL65,53.30067,-4.5694,,
1461,LL66,53.38055,-4.40427,,
1462,LL67,53.41097,-4.45565,,
1463,LL68,53.39818,-4.37668,,
1464,LL69,53.38583,-4.31883,,
1465,LL70,53.36396,-4.28758,,
1466,LL71,53.32732,-4.36823,,
1467,LL72,53.34957,-4.24023,,
1468,LL73,53.33511,-4.24397,,
1469,LL74,53.31645,-4.23248,,
1470,LL75,53.28343,-4.21876,,
1471,LL76,53.30017,-4.23764,,
1472,LL77,53.26011,-4.31053,,
1473,LL78,53.31678,-4.26253,,
1474,LN1,53.25883,-0.58621,,
1475,LN10,53.15858,-0.21703,,
1476,LN11,53.3732,0.02496,,
1477,LN12,53.3293,0.2662,,
1478,LN13,53.26518,0.18482,,
1479,LN2,53.25429,-0.5084,,
1480,LN3,53.24325,-0.41885,,
1481,LN4,53.15018,-0.38489,,
1482,LN5,53.17126,-0.55617,,
1483,LN6,53.20319,-0.59403,,
1484,LN7,53.49216,-0.34327,,
1485,LN8,53.37321,-0.32384,,
1486,LN9,53.21719,-0.11124,,
1487,LS1,53.79674,-1.54754,,
1488,LS10,53.76162,-1.53123,,
1489,LS11,53.77609,-1.55535,,
1490,LS12,53.79062,-1.59618,,
1491,LS13,53.81052,-1.63396,,
1492,LS14,53.82782,-1.45604,,
1493,LS15,53.80619,-1.44417,,
1494,LS16,53.85086,-1.60169,,
1495,LS17,53.85958,-1.52709,,
1496,LS18,53.8402,-1.6413,,
1497,LS19,53.8592,-1.6822,,
1498,LS2,53.80123,-1.54597,,
1499,LS20,53.87365,-1.71251,,
1500,LS21,53.91132,-1.67876,,
1501,LS22,53.93179,-1.39375,,
1502,LS23,53.90372,-1.35458,,
1503,LS24,53.86987,-1.25168,,
1504,LS25,53.78584,-1.33059,,
1505,LS26,53.75227,-1.44791,,
1506,LS27,53.74839,-1.60266,,
1507,LS28,53.80163,-1.66897,,
1508,LS29,53.92058,-1.80356,,
1509,LS3,53.80128,-1.55964,,
1510,LS4,53.80944,-1.58082,,
1511,LS5,53.81851,-1.60199,,
1512,LS6,53.81928,-1.56704,,
1513,LS7,53.81828,-1.53971,,
1514,LS8,53.82445,-1.50926,,
1515,LS9,53.79928,-1.50803,,
1516,LU1,51.87476,-0.42373,,
1517,LU2,51.89147,-0.39553,,
1518,LU3,51.90829,-0.44291,,
1519,LU4,51.89871,-0.4665,,
1520,LU5,51.90829,-0.5127,,
1521,LU6,51.87711,-0.53552,,
1522,LU7,51.90921,-0.66388,,
1523,M1,53.47734,-2.23508,,
1524,M11,53.47834,-2.17933,,
1525,M12,53.46482,-2.20187,,
1526,M13,53.4603,-2.21389,,
1527,M14,53.4477,-2.22437,,
1528,M15,53.46563,-2.25008,,
1529,M16,53.45481,-2.26357,,
1530,M17,53.46906,-2.31789,,
1531,M18,53.46127,-2.16871,,
1532,M19,53.43696,-2.19421,,
1533,M2,53.48003,-2.24263,,
1534,M20,53.42521,-2.23027,,
1535,M21,53.43771,-2.27099,,
1536,M22,53.3856,-2.25863,,
1537,M23,53.39902,-2.28729,,
1538,M24,53.55113,-2.19624,,
1539,M25,53.5285,-2.27459,,
1540,M26,53.56161,-2.33369,,
1541,M27,53.51216,-2.33631,,
1542,M28,53.51467,-2.39666,,
1543,M29,53.50816,-2.45692,,
1544,M3,53.48361,-2.25018,,
1545,M30,53.48424,-2.35418,,
1546,M31,53.4193,-2.42136,,
1547,M32,53.45021,-2.30872,,
1548,M33,53.4205,-2.32506,,
1549,M34,53.45594,-2.11748,,
1550,M35,53.50714,-2.1523,,
1551,M38,53.53167,-2.42096,,
1552,M4,53.48455,-2.22909,,
1553,M40,53.50349,-2.18999,,
1554,M41,53.45095,-2.36294,,
1555,M43,53.48378,-2.1477,,
1556,M44,53.44086,-2.42609,,
1557,M45,53.54734,-2.28829,,
1558,M46,53.52601,-2.49031,,
1559,M5,53.47903,-2.28482,,
1560,M6,53.49159,-2.29696,,
1561,M60,53.48635,-2.22759,,
1562,M7,53.50516,-2.26086,,
1563,M8,53.5088,-2.23827,,
1564,M9,53.52143,-2.21269,,
1565,M90,53.36309,-2.27653,,
1566,ME1,51.37216,0.50017,,
1567,ME10,51.34258,0.73697,,
1568,ME11,51.41247,0.74833,,
1569,ME12,51.42282,0.80507,,
1570,ME13,51.30275,0.89675,,
1571,ME14,51.28043,0.54108,,
1572,ME15,51.2545,0.53392,,
1573,ME16,51.27414,0.49915,,
1574,ME17,51.23484,0.61021,,
1575,ME18,51.24426,0.42301,,
1576,ME19,51.29307,0.41123,,
1577,ME2,51.39136,0.4854,,
1578,ME20,51.30467,0.45919,,
1579,ME3,51.43322,0.54668,,
1580,ME4,51.3805,0.53081,,
1581,ME5,51.34896,0.53338,,
1582,ME6,51.32662,0.4417,,
1583,ME7,51.37904,0.5566,,
1584,ME8,51.36102,0.5987,,
1585,ME9,51.33297,0.72491,,
1586,MK1,52.00522,-0.72659,,
1587,MK10,52.03908,-0.69792,,
1588,MK11,52.05226,-0.84048,,
1589,MK12,52.05741,-0.81555,,
1590,MK13,52.05258,-0.78359,,
1591,MK14,52.05955,-0.76152,,
1592,MK15,52.05739,-0.72802,,
1593,MK16,52.08879,-0.72129,,
1594,MK17,51.99235,-0.70074,,
1595,MK18,51.97972,-0.96904,,
1596,MK19,52.07215,-0.85164,,
1597,MK2,51.98991,-0.72411,,
1598,MK3,51.99651,-0.75306,,
1599,MK4,52.00397,-0.77762,,
1600,MK40,52.13797,-0.47145,,
1601,MK41,52.15113,-0.44614,,
1602,MK42,52.12002,-0.47352,,
1603,MK43,52.11837,-0.55684,,
1604,MK44,52.19402,-0.42563,,
1605,MK45,52.02462,-0.46803,,
1606,MK46,52.15411,-0.69165,,
1607,MK5,52.02021,-0.78301,,
1608,MK6,52.02967,-0.74193,,
1609,MK7,52.01921,-0.68976,,
1610,MK8,52.0357,-0.803,,
1611,MK9,52.04064,-0.75912,,
1612,ML1,55.79943,-3.97512,,
1613,ML10,55.68013,-4.06932,,
1614,ML11,55.66661,-3.78555,,
1615,ML12,55.56677,-3.59544,,
1616,ML2,55.77706,-3.91179,,
1617,ML3,55.77028,-4.05337,,
1618,ML4,55.81846,-4.02078,,
1619,ML5,55.85964,-4.03091,,
1620,ML6,55.86704,-3.96257,,
1621,ML7,55.83008,-3.79303,,
1622,ML8,55.7305,-3.84103,,
1623,ML9,55.72496,-3.96658,,
1624,N1,51.53717,-0.09652,,
1625,N10,51.59368,-0.14325,,
1626,N11,51.61338,-0.13812,,
1627,N12,51.61487,-0.17561,,
1628,N13,51.6191,-0.10176,,
1629,N14,51.63392,-0.1286,,
1630,N15,51.5819,-0.08166,,
1631,N16,51.5629,-0.07525,,
1632,N17,51.59791,-0.07088,,
1633,N18,51.61309,-0.06446,,
1634,N19,51.56464,-0.12712,,
1635,N2,51.58957,-0.16797,,
1636,N20,51.62923,-0.17359,,
1637,N21,51.63612,-0.09816,,
1638,N22,51.59944,-0.1098,,
1639,N3,51.59984,-0.1921,,
1640,N4,51.57052,-0.1009,,
1641,N5,51.55337,-0.09729,,
1642,N6,51.57116,-0.14129,,
1643,N7,51.55277,-0.11607,,
1644,N8,51.58335,-0.11625,,
1645,N9,51.62825,-0.05659,,
1646,NE1,54.97262,-1.61097,,
1647,NE10,54.94726,-1.55345,,
1648,NE11,54.94123,-1.63157,,
1649,NE12,55.0246,-1.56823,,
1650,NE13,55.04642,-1.64469,,
1651,NE15,54.9837,-1.72026,,
1652,NE16,54.9324,-1.69096,,
1653,NE17,54.91378,-1.81591,,
1654,NE18,55.03787,-1.86072,,
1655,NE19,55.17901,-2.0958,,
1656,NE2,54.98698,-1.60458,,
1657,NE20,55.05304,-1.78553,,
1658,NE21,54.95764,-1.71888,,
1659,NE22,55.1361,-1.58428,,
1660,NE23,55.08037,-1.58173,,
1661,NE24,55.12238,-1.52013,,
1662,NE25,55.04945,-1.48656,,
1663,NE26,55.05201,-1.45679,,
1664,NE27,55.03247,-1.51025,,
1665,NE28,55.00015,-1.51846,,
1666,NE29,55.0116,-1.46359,,
1667,NE3,55.01043,-1.6325,,
1668,NE30,55.02138,-1.44,,
1669,NE31,54.97136,-1.511,,
1670,NE32,54.96765,-1.48292,,
1671,NE33,54.99077,-1.42792,,
1672,NE34,54.97186,-1.42037,,
1673,NE35,54.95227,-1.4597,,
1674,NE36,54.94498,-1.43794,,
1675,NE37,54.913,-1.52574,,
1676,NE38,54.89412,-1.52441,,
1677,NE39,54.92357,-1.75813,,
1678,NE4,54.97361,-1.64221,,
1679,NE40,54.96584,-1.77193,,
1680,NE41,54.9758,-1.81875,,
1681,NE42,54.96237,-1.85474,,
1682,NE43,54.94804,-1.90475,,
1683,NE44,54.94268,-1.97814,,
1684,NE45,54.97683,-2.01563,,
1685,NE46,54.97948,-2.10626,,
1686,NE47,54.92894,-2.25127,,
1687,NE48,55.13114,-2.25724,,
1688,NE49,54.96698,-2.45927,,
1689,NE5,54.99621,-1.68735,,
1690,NE6,54.97695,-1.56405,,
1691,NE61,55.18045,-1.68905,,
1692,NE62,55.16129,-1.59187,,
1693,NE63,55.17736,-1.56187,,
1694,NE64,55.18437,-1.51467,,
1695,NE65,55.3127,-1.75104,,
1696,NE66,55.42858,-1.73135,,
1697,NE67,55.53363,-1.6926,,
1698,NE68,55.57398,-1.65739,,
1699,NE69,55.60468,-1.71586,,
1700,NE7,54.99947,-1.57788,,
1701,NE70,55.59409,-1.81591,,
1702,NE71,55.55558,-2.04439,,
1703,NE8,54.95552,-1.60333,,
1704,NE9,54.93118,-1.58328,,
1705,NE99,54.96723,-1.61259,,
1706,NG1,52.954,-1.147,,
1707,NG10,52.90005,-1.28187,,
1708,NG11,52.89934,-1.17335,,
1709,NG12,52.91104,-1.05415,,
1710,NG13,52.94767,-0.92087,,
1711,NG14,53.01519,-1.03696,,
1712,NG15,53.04519,-1.20338,,
1713,NG16,53.02688,-1.29319,,
1714,NG17,53.11569,-1.26035,,
1715,NG18,53.13766,-1.18373,,
1716,NG19,53.15933,-1.19678,,
1717,NG2,52.935,-1.131,,
1718,NG20,53.20958,-1.18386,,
1719,NG21,53.14069,-1.10443,,
1720,NG22,53.17826,-0.97046,,
1721,NG23,53.11553,-0.80012,,
1722,NG24,53.06966,-0.79841,,
1723,NG25,53.07294,-0.95506,,
1724,NG3,52.96735,-1.12887,,
1725,NG31,52.9142,-0.6391,,
1726,NG32,52.94939,-0.64991,,
1727,NG33,52.81819,-0.57829,,
1728,NG34,52.98753,-0.39096,,
1729,NG4,52.97062,-1.08561,,
1730,NG5,52.99713,-1.14317,,
1731,NG6,52.99746,-1.19085,,
1732,NG7,52.95779,-1.17521,,
1733,NG8,52.96434,-1.21231,,
1734,NG9,52.92583,-1.23533,,
1735,NN1,52.24154,-0.88682,,
1736,NN10,52.2915,-0.59668,,
1737,NN11,52.24033,-1.17833,,
1738,NN12,52.12744,-0.99778,,
1739,NN13,52.0324,-1.14715,,
1740,NN14,52.40948,-0.69145,,
1741,NN15,52.38446,-0.70542,,
1742,NN16,52.40531,-0.72098,,
1743,NN17,52.50026,-0.68876,,
1744,NN18,52.47986,-0.7144,,
1745,NN2,52.2623,-0.89509,,
1746,NN29,52.2599,-0.66362,,
1747,NN3,52.26182,-0.84528,,
1748,NN4,52.21645,-0.89623,,
1749,NN5,52.24732,-0.92916,,
1750,NN6,52.32208,-0.9435,,
1751,NN7,52.20954,-0.92714,,
1752,NN8,52.30254,-0.69754,,
1753,NN9,52.33288,-0.59831,,
1754,NP10,51.57943,-3.04497,,
1755,NP11,51.64249,-3.13025,,
1756,NP12,51.6688,-3.19743,,
1757,NP13,51.73412,-3.13977,,
1758,NP15,51.72552,-2.88616,,
1759,NP16,51.64951,-2.68808,,
1760,NP18,51.60637,-2.94305,,
1761,NP19,51.58913,-2.9629,,
1762,NP20,51.59057,-3.0048,,
1763,NP22,51.7707,-3.25665,,
1764,NP23,51.78482,-3.19615,,
1765,NP24,51.71964,-3.23786,,
1766,NP25,51.80307,-2.72232,,
1767,NP26,51.59051,-2.77669,,
1768,NP4,51.71882,-3.04528,,
1769,NP44,51.65064,-3.02637,,
1770,NP7,51.82884,-3.00864,,
1771,NP8,51.85996,-3.14586,,
1772,NR1,52.62671,1.31012,,
1773,NR10,52.73642,1.24582,,
1774,NR11,52.84173,1.27596,,
1775,NR12,52.75971,1.47144,,
1776,NR13,52.63372,1.47327,,
1777,NR14,52.56445,1.3807,,
1778,NR15,52.50639,1.2701,,
1779,NR16,52.476,1.06162,,
1780,NR17,52.51544,0.99655,,
1781,NR18,52.57095,1.11105,,
1782,NR19,52.67542,0.92907,,
1783,NR2,52.6301,1.28524,,
1784,NR20,52.72449,0.98124,,
1785,NR21,52.84097,0.85257,,
1786,NR22,52.89366,0.86793,,
1787,NR23,52.94872,0.85966,,
1788,NR24,52.85851,1.05135,,
1789,NR25,52.91969,1.08541,,
1790,NR26,52.93511,1.21602,,
1791,NR27,52.92467,1.30157,,
1792,NR28,52.82203,1.40068,,
1793,NR29,52.6926,1.63932,,
1794,NR3,52.64332,1.29511,,
1795,NR30,52.61874,1.72926,,
1796,NR31,52.57614,1.71087,,
1797,NR32,52.48903,1.73448,,
1798,NR33,52.45441,1.71976,,
1799,NR34,52.43791,1.58442,,
1800,NR35,52.46125,1.43463,,
1801,NR4,52.61357,1.26479,,
1802,NR5,52.6405,1.23427,,
1803,NR6,52.66074,1.2831,,
1804,NR7,52.65063,1.33521,,
1805,NR8,52.67798,1.21188,,
1806,NR9,52.63574,1.10973,,
1807,NW1,51.53252,-0.14286,,
1808,NW10,51.53951,-0.24641,,
1809,NW11,51.57831,-0.19584,,
1810,NW2,51.55797,-0.21829,,
1811,NW3,51.55184,-0.17093,,
1812,NW4,51.58682,-0.22294,,
1813,NW5,51.55139,-0.14209,,
1814,NW6,51.54142,-0.19442,,
1815,NW7,51.61488,-0.23484,,
1816,NW8,51.53117,-0.17175,,
1817,NW9,51.5864,-0.25472,,
1818,OL1,53.54944,-2.10566,,
1819,OL10,53.59064,-2.22211,,
1820,OL11,53.606,-2.17382,,
1821,OL12,53.63567,-2.16487,,
1822,OL13,53.70034,-2.20299,,
1823,OL14,53.71395,-2.0985,,
1824,OL15,53.64384,-2.09985,,
1825,OL16,53.61234,-2.13152,,
1826,OL2,53.57191,-2.10874,,
1827,OL3,53.55309,-2.00906,,
1828,OL4,53.54228,-2.07244,,
1829,OL5,53.51712,-2.03771,,
1830,OL6,53.49372,-2.08593,,
1831,OL7,53.49011,-2.10552,,
1832,OL8,53.52606,-2.11616,,
1833,OL9,53.53952,-2.14186,,
1834,OX1,51.74451,-1.25978,,
1835,OX10,51.60781,-1.12625,,
1836,OX11,51.59965,-1.24626,,
1837,OX12,51.59437,-1.42537,,
1838,OX13,51.67849,-1.34765,,
1839,OX14,51.66728,-1.2755,,
1840,OX15,52.03219,-1.40666,,
1841,OX16,52.06241,-1.34061,,
1842,OX17,52.07291,-1.28938,,
1843,OX18,51.76232,-1.59134,,
1844,OX2,51.7644,-1.27685,,
1845,OX20,51.85659,-1.35814,,
1846,OX25,51.90067,-1.21216,,
1847,OX26,51.90114,-1.15109,,
1848,OX27,51.93709,-1.14751,,
1849,OX28,51.78529,-1.48675,,
1850,OX29,51.79403,-1.43154,,
1851,OX3,51.76131,-1.21458,,
1852,OX33,51.75813,-1.14653,,
1853,OX39,51.70045,-0.91317,,
1854,OX4,51.72984,-1.21513,,
1855,OX44,51.70046,-1.13025,,
1856,OX49,51.64996,-0.99967,,
1857,OX5,51.82917,-1.28016,,
1858,OX6,51.90845,-1.16695,,
1859,OX7,51.91135,-1.52747,,
1860,OX8,51.78964,-1.4548,,
1861,OX9,51.73794,-0.9818,,
1862,PA1,55.84457,-4.41674,,
1863,PA10,55.83375,-4.55184,,
1864,PA11,55.85649,-4.5821,,
1865,PA12,55.7954,-4.62273,,
1866,PA13,55.89235,-4.62927,,
1867,PA14,55.92757,-4.66368,,
1868,PA15,55.94279,-4.74802,,
1869,PA16,55.94351,-4.79613,,
1870,PA17,55.86512,-4.88162,,
1871,PA18,55.88928,-4.88661,,
1872,PA19,55.9528,-4.82244,,
1873,PA2,55.82896,-4.43334,,
1874,PA20,55.83482,-5.0567,,
1875,PA21,55.90186,-5.24762,,
1876,PA22,55.97074,-5.1572,,
1877,PA23,55.95474,-4.93154,,
1878,PA24,56.15675,-4.90504,,
1879,PA25,56.21553,-5.04017,,
1880,PA26,56.25758,-4.9369,,
1881,PA27,56.15422,-5.08365,,
1882,PA28,55.43603,-5.60305,,
1883,PA29,55.80476,-5.47741,,
1884,PA3,55.85205,-4.44757,,
1885,PA30,56.0133,-5.44799,,
1886,PA31,56.05245,-5.46273,,
1887,PA32,56.20284,-5.11658,,
1888,PA33,56.36978,-5.05569,,
1889,PA34,56.4021,-5.49931,,
1890,PA35,56.40507,-5.22391,,
1891,PA36,56.52032,-4.77019,,
1892,PA37,56.46816,-5.38681,,
1893,PA38,56.59186,-5.33433,,
1894,PA4,55.87464,-4.39623,,
1895,PA41,55.6747,-5.74115,,
1896,PA42,55.63962,-6.18624,,
1897,PA43,55.7559,-6.28324,,
1898,PA44,55.79785,-6.29265,,
1899,PA45,55.81932,-6.1656,,
1900,PA46,55.86226,-6.11902,,
1901,PA47,55.68236,-6.50288,,
1902,PA48,55.73797,-6.38332,,
1903,PA49,55.7826,-6.39313,,
1904,PA5,55.83105,-4.50854,,
1905,PA6,55.86377,-4.53462,,
1906,PA60,55.87979,-5.91287,,
1907,PA61,56.07177,-6.20088,,
1908,PA62,56.35932,-5.85014,,
1909,PA63,56.38234,-5.71469,,
1910,PA64,56.43838,-5.67471,,
1911,PA65,56.46916,-5.72805,,
1912,PA66,56.32913,-6.35382,,
1913,PA67,56.31356,-6.23228,,
1914,PA68,56.43624,-6.14202,,
1915,PA69,56.38044,-6.08894,,
1916,PA7,55.90944,-4.49919,,
1917,PA70,56.36426,-6.03373,,
1918,PA71,56.48108,-5.98112,,
1919,PA72,56.51761,-5.96381,,
1920,PA73,56.49693,-6.18279,,
1921,PA74,56.53313,-6.22911,,
1922,PA75,56.61228,-6.12216,,
1923,PA76,56.33403,-6.39324,,
1924,PA77,56.49469,-6.8835,,
1925,PA78,56.62454,-6.54449,,
1926,PA8,55.9014,-4.45228,,
1927,PA9,55.80948,-4.55184,,
1928,PE1,52.58704,-0.23885,,
1929,PE10,52.77693,-0.3765,,
1930,PE11,52.80714,-0.16616,,
1931,PE12,52.78328,0.0286,,
1932,PE13,52.66895,0.13868,,
1933,PE14,52.63884,0.21112,,
1934,PE15,52.53589,0.08649,,
1935,PE16,52.45379,0.05022,,
1936,PE19,52.24203,-0.2584,,
1937,PE2,52.56043,-0.26352,,
1938,PE20,52.932,-0.10136,,
1939,PE21,52.97477,-0.02203,,
1940,PE22,53.04826,0.0455,,
1941,PE23,53.17244,0.09181,,
1942,PE24,53.16561,0.26804,,
1943,PE25,53.15261,0.33616,,
1944,PE26,52.45292,-0.1132,,
1945,PE27,52.33361,-0.07572,,
1946,PE28,52.35784,-0.18629,,
1947,PE29,52.33345,-0.17848,,
1948,PE3,52.58758,-0.27573,,
1949,PE30,52.75978,0.41884,,
1950,PE31,52.87538,0.56647,,
1951,PE32,52.73016,0.62756,,
1952,PE33,52.64814,0.46886,,
1953,PE34,52.7245,0.33986,,
1954,PE35,52.8253,0.51155,,
1955,PE36,52.936,0.50754,,
1956,PE37,52.64414,0.69336,,
1957,PE38,52.58977,0.37698,,
1958,PE4,52.61262,-0.26589,,
1959,PE5,52.57867,-0.34398,,
1960,PE6,52.65562,-0.25531,,
1961,PE7,52.53877,-0.19801,,
1962,PE8,52.52694,-0.44176,,
1963,PE9,52.65422,-0.48012,,
1964,PH1,56.42113,-3.47537,,
1965,PH10,56.60845,-3.36046,,
1966,PH11,56.63942,-3.23438,,
1967,PH12,56.57551,-3.15253,,
1968,PH13,56.53749,-3.27335,,
1969,PH14,56.45299,-3.18614,,
1970,PH15,56.60974,-3.94063,,
1971,PH16,56.70697,-3.81003,,
1972,PH17,56.68745,-4.3823,,
1973,PH18,56.7741,-3.88855,,
1974,PH19,56.93428,-4.255,,
1975,PH2,56.38691,-3.40439,,
1976,PH20,57.05377,-4.15504,,
1977,PH21,57.08834,-4.02169,,
1978,PH22,57.19857,-3.80587,,
1979,PH23,57.28761,-3.80028,,
1980,PH24,57.25419,-3.74891,,
1981,PH25,57.26187,-3.64646,,
1982,PH26,57.3298,-3.60464,,
1983,PH3,56.30228,-3.70355,,
1984,PH30,56.79185,-4.6002,,
1985,PH31,56.89234,-4.81575,,
1986,PH32,57.14424,-4.68275,,
1987,PH33,56.82148,-5.11207,,
1988,PH34,56.92574,-4.92676,,
1989,PH35,57.07578,-4.93032,,
1990,PH36,56.72124,-5.86584,,
1991,PH38,56.84536,-5.74736,,
1992,PH39,56.91265,-5.84124,,
1993,PH4,56.26072,-3.78244,,
1994,PH40,56.96381,-5.7856,,
1995,PH41,57.00374,-5.83251,,
1996,PH42,56.90217,-6.14094,,
1997,PH43,57.01529,-6.28049,,
1998,PH44,57.05693,-6.50319,,
1999,PH49,56.675,-5.10977,,
2000,PH5,56.32927,-3.8277,,
2001,PH50,56.71451,-4.96427,,
2002,PH6,56.37162,-3.99491,,
2003,PH7,56.37332,-3.82657,,
2004,PH8,56.56249,-3.59805,,
2005,PH9,56.65112,-3.69152,,
2006,PL1,50.37074,-4.15317,,
2007,PL10,50.34537,-4.21106,,
2008,PL11,50.3725,-4.2503,,
2009,PL12,50.41932,-4.2483,,
2010,PL13,50.35715,-4.47456,,
2011,PL14,50.46351,-4.4646,,
2012,PL15,50.63218,-4.39987,,
2013,PL16,50.64562,-4.26757,,
2014,PL17,50.51625,-4.3051,,
2015,PL18,50.51523,-4.21899,,
2016,PL19,50.55602,-4.15454,,
2017,PL2,50.38856,-4.16242,,
2018,PL20,50.50125,-4.09986,,
2019,PL21,50.38566,-3.91748,,
2020,PL22,50.40273,-4.65146,,
2021,PL23,50.33653,-4.63513,,
2022,PL24,50.35461,-4.70925,,
2023,PL25,50.34038,-4.77872,,
2024,PL26,50.34196,-4.8252,,
2025,PL27,50.52248,-4.87408,,
2026,PL28,50.53366,-4.96651,,
2027,PL29,50.58564,-4.82988,,
2028,PL3,50.38744,-4.12578,,
2029,PL30,50.49992,-4.72743,,
2030,PL31,50.46858,-4.7214,,
2031,PL32,50.63282,-4.66015,,
2032,PL33,50.6213,-4.73021,,
2033,PL34,50.6597,-4.74234,,
2034,PL35,50.68444,-4.68431,,
2035,PL4,50.3748,-4.12803,,
2036,PL5,50.41008,-4.16621,,
2037,PL6,50.4173,-4.11586,,
2038,PL7,50.3916,-4.04436,,
2039,PL8,50.33548,-4.01243,,
2040,PL9,50.35394,-4.08773,,
2041,PO1,50.79903,-1.08749,,
2042,PO10,50.85074,-0.92878,,
2043,PO11,50.7918,-0.97553,,
2044,PO12,50.79764,-1.14144,,
2045,PO13,50.81229,-1.17808,,
2046,PO14,50.83685,-1.21884,,
2047,PO15,50.86203,-1.21842,,
2048,PO16,50.84993,-1.15895,,
2049,PO17,50.88957,-1.16819,,
2050,PO18,50.86403,-0.81478,,
2051,PO19,50.83756,-0.7771,,
2052,PO2,50.81603,-1.07722,,
2053,PO20,50.78278,-0.78563,,
2054,PO21,50.78362,-0.69622,,
2055,PO22,50.79835,-0.64756,,
2056,PO3,50.81589,-1.05877,,
2057,PO30,50.69085,-1.3133,,
2058,PO31,50.75286,-1.30531,,
2059,PO32,50.75091,-1.27982,,
2060,PO33,50.72139,-1.16976,,
2061,PO34,50.71557,-1.11178,,
2062,PO35,50.68657,-1.08401,,
2063,PO36,50.65748,-1.1624,,
2064,PO37,50.63151,-1.177,,
2065,PO38,50.60406,-1.24108,,
2066,PO39,50.68027,-1.53853,,
2067,PO4,50.78983,-1.06213,,
2068,PO40,50.68199,-1.52011,,
2069,PO41,50.69979,-1.47744,,
2070,PO5,50.78821,-1.08486,,
2071,PO6,50.84564,-1.06811,,
2072,PO7,50.88227,-1.03753,,
2073,PO8,50.91084,-1.01275,,
2074,PO9,50.86291,-0.9825,,
2075,PR1,53.75779,-2.70082,,
2076,PR2,53.77753,-2.70722,,
2077,PR25,53.69402,-2.69219,,
2078,PR26,53.68743,-2.74054,,
2079,PR3,53.86826,-2.71636,,
2080,PR4,53.75335,-2.83271,,
2081,PR5,53.73107,-2.65641,,
2082,PR6,53.66749,-2.61001,,
2083,PR7,53.6448,-2.65205,,
2084,PR8,53.62613,-3.01016,,
2085,PR9,53.65974,-2.96859,,
2086,RG1,51.45366,-0.96942,,
2087,RG10,51.48055,-0.86224,,
2088,RG12,51.40655,-0.74904,,
2089,RG14,51.39957,-1.32143,,
2090,RG17,51.43998,-1.48775,,
2091,RG18,51.43326,-1.2418,,
2092,RG19,51.39368,-1.24102,,
2093,RG2,51.42655,-0.95421,,
2094,RG20,51.40325,-1.33575,,
2095,RG21,51.2658,-1.08974,,
2096,RG22,51.24986,-1.12159,,
2097,RG23,51.26083,-1.14574,,
2098,RG24,51.28094,-1.0708,,
2099,RG25,51.22767,-1.16211,,
2100,RG26,51.34966,-1.11824,,
2101,RG27,51.29963,-0.94132,,
2102,RG28,51.23327,-1.33391,,
2103,RG29,51.24751,-0.94538,,
2104,RG30,51.45133,-1.01265,,
2105,RG31,51.45607,-1.04134,,
2106,RG4,51.48063,-0.96882,,
2107,RG40,51.39933,-0.83406,,
2108,RG41,51.41574,-0.85666,,
2109,RG42,51.42729,-0.75423,,
2110,RG45,51.37471,-0.8002,,
2111,RG5,51.45219,-0.90612,,
2112,RG6,51.43893,-0.9309,,
2113,RG7,51.3979,-1.07706,,
2114,RG8,51.50513,-1.10516,,
2115,RG9,51.54407,-0.92267,,
2116,RH1,51.23683,-0.15623,,
2117,RH10,51.11724,-0.15813,,
2118,RH11,51.11079,-0.20554,,
2119,RH12,51.07579,-0.33254,,
2120,RH13,51.03701,-0.32537,,
2121,RH14,51.03197,-0.48245,,
2122,RH15,50.95675,-0.13316,,
2123,RH16,51.00204,-0.09713,,
2124,RH17,51.02122,-0.11488,,
2125,RH18,51.09702,0.03104,,
2126,RH19,51.12474,-0.01205,,
2127,RH2,51.23485,-0.20215,,
2128,RH20,50.93647,-0.4699,,
2129,RH3,51.23242,-0.2796,,
2130,RH4,51.22871,-0.33418,,
2131,RH5,51.19463,-0.34113,,
2132,RH6,51.17126,-0.1617,,
2133,RH7,51.17427,-0.01564,,
2134,RH8,51.2513,0.00344,,
2135,RH9,51.23543,-0.06889,,
2136,RM1,51.58175,0.18395,,
2137,RM10,51.54443,0.15909,,
2138,RM11,51.56939,0.21944,,
2139,RM12,51.55251,0.20852,,
2140,RM13,51.52397,0.19561,,
2141,RM14,51.55593,0.26496,,
2142,RM15,51.508,0.27843,,
2143,RM16,51.49148,0.341,,
2144,RM17,51.4791,0.33029,,
2145,RM18,51.46646,0.37716,,
2146,RM19,51.4825,0.24835,,
2147,RM2,51.5832,0.20279,,
2148,RM20,51.47812,0.28847,,
2149,RM3,51.60163,0.22679,,
2150,RM4,51.63255,0.16038,,
2151,RM5,51.59917,0.16602,,
2152,RM6,51.57549,0.13313,,
2153,RM7,51.5748,0.17063,,
2154,RM8,51.55662,0.13225,,
2155,RM9,51.54036,0.13582,,
2156,S1,53.3802,-1.46777,,
2157,S10,53.37681,-1.51742,,
2158,S11,53.36148,-1.50557,,
2159,S12,53.34844,-1.40507,,
2160,S13,53.36451,-1.3823,,
2161,S14,53.34592,-1.44266,,
2162,S17,53.32111,-1.52556,,
2163,S18,53.29931,-1.47178,,
2164,S2,53.36932,-1.44686,,
2165,S20,53.33467,-1.35119,,
2166,S21,53.31213,-1.33802,,
2167,S25,53.36891,-1.21389,,
2168,S26,53.35678,-1.28624,,
2169,S3,53.38741,-1.47219,,
2170,S32,53.29454,-1.63839,,
2171,S33,53.3415,-1.72061,,
2172,S35,53.45763,-1.49542,,
2173,S36,53.50302,-1.61249,,
2174,S4,53.399,-1.44949,,
2175,S40,53.23356,-1.44562,,
2176,S41,53.24696,-1.42746,,
2177,S42,53.20019,-1.42209,,
2178,S43,53.2672,-1.34172,,
2179,S44,53.22478,-1.31241,,
2180,S45,53.16602,-1.42106,,
2181,S5,53.42152,-1.46124,,
2182,S6,53.40195,-1.50962,,
2183,S60,53.41376,-1.34698,,
2184,S61,53.44367,-1.3932,,
2185,S62,53.465,-1.34619,,
2186,S63,53.51794,-1.32879,,
2187,S64,53.4908,-1.29907,,
2188,S65,53.43518,-1.31955,,
2189,S66,53.42033,-1.24153,,
2190,S7,53.35422,-1.48913,,
2191,S70,53.54114,-1.4733,,
2192,S71,53.57342,-1.45629,,
2193,S72,53.57851,-1.39127,,
2194,S73,53.52458,-1.39355,,
2195,S74,53.50053,-1.43913,,
2196,S75,53.56201,-1.51985,,
2197,S8,53.33978,-1.47578,,
2198,S80,53.29205,-1.14928,,
2199,S81,53.3377,-1.12134,,
2200,S9,53.39794,-1.41641,,
2201,SA1,51.62742,-3.93905,,
2202,SA10,51.68722,-3.79836,,
2203,SA11,51.67428,-3.76168,,
2204,SA12,51.60725,-3.79375,,
2205,SA13,51.60559,-3.72436,,
2206,SA14,51.73245,-4.10721,,
2207,SA15,51.69989,-4.16648,,
2208,SA16,51.68922,-4.25569,,
2209,SA17,51.7579,-4.2852,,
2210,SA18,51.79798,-3.95796,,
2211,SA19,51.95284,-3.94723,,
2212,SA2,51.62021,-3.99364,,
2213,SA20,52.01025,-3.78651,,
2214,SA3,51.57965,-4.05105,,
2215,SA31,51.85639,-4.30762,,
2216,SA32,51.88597,-4.17106,,
2217,SA33,51.85022,-4.4351,,
2218,SA34,51.85258,-4.61822,,
2219,SA35,51.97349,-4.55974,,
2220,SA36,51.95717,-4.60684,,
2221,SA37,52.01684,-4.59282,,
2222,SA38,52.0401,-4.47312,,
2223,SA39,52.01955,-4.24166,,
2224,SA4,51.67054,-4.04792,,
2225,SA40,52.08378,-4.17335,,
2226,SA41,51.99718,-4.70679,,
2227,SA42,52.01534,-4.8522,,
2228,SA43,52.08619,-4.62896,,
2229,SA44,52.08625,-4.37201,,
2230,SA45,52.20794,-4.358,,
2231,SA46,52.23254,-4.24945,,
2232,SA47,52.19028,-4.29561,,
2233,SA48,52.14338,-4.11048,,
2234,SA5,51.64851,-3.96886,,
2235,SA6,51.67539,-3.92084,,
2236,SA61,51.79916,-4.97345,,
2237,SA62,51.84093,-5.06333,,
2238,SA63,51.87409,-4.85342,,
2239,SA64,52.00147,-5.01162,,
2240,SA65,51.98818,-4.96848,,
2241,SA66,51.88121,-4.74342,,
2242,SA67,51.78165,-4.73157,,
2243,SA68,51.72867,-4.76603,,
2244,SA69,51.71029,-4.70555,,
2245,SA7,51.6615,-3.88989,,
2246,SA70,51.67176,-4.73797,,
2247,SA71,51.66716,-4.92863,,
2248,SA72,51.6913,-4.93453,,
2249,SA73,51.71634,-5.01146,,
2250,SA8,51.72153,-3.8475,,
2251,SA9,51.78122,-3.76729,,
2252,SE1,51.49838,-0.08949,,
2253,SE10,51.48162,-0.00089,,
2254,SE11,51.4888,-0.10862,,
2255,SE12,51.4443,0.02483,,
2256,SE13,51.45837,-0.0091,,
2257,SE14,51.47511,-0.0415,,
2258,SE15,51.47189,-0.06468,,
2259,SE16,51.49597,-0.05213,,
2260,SE17,51.48764,-0.09282,,
2261,SE18,51.48391,0.07412,,
2262,SE19,51.41735,-0.08424,,
2263,SE2,51.48943,0.11759,,
2264,SE20,51.41151,-0.05716,,
2265,SE21,51.43807,-0.08626,,
2266,SE22,51.45401,-0.07119,,
2267,SE23,51.44015,-0.04875,,
2268,SE24,51.45446,-0.09853,,
2269,SE25,51.39742,-0.07501,,
2270,SE26,51.42674,-0.05364,,
2271,SE27,51.43022,-0.10097,,
2272,SE28,51.50219,0.10809,,
2273,SE3,51.46866,0.02015,,
2274,SE4,51.46058,-0.03348,,
2275,SE5,51.47322,-0.09055,,
2276,SE6,51.43777,-0.01432,,
2277,SE7,51.48369,0.03521,,
2278,SE8,51.48118,-0.02828,,
2279,SE9,51.44465,0.05651,,
2280,SG1,51.91103,-0.19417,,
2281,SG10,51.8446,0.07178,,
2282,SG11,51.88125,0.03278,,
2283,SG12,51.81375,-0.01669,,
2284,SG13,51.78673,-0.06863,,
2285,SG14,51.80688,-0.09098,,
2286,SG15,52.01276,-0.26149,,
2287,SG16,52.01507,-0.29638,,
2288,SG17,52.03445,-0.33063,,
2289,SG18,52.08208,-0.26609,,
2290,SG19,52.13925,-0.24049,,
2291,SG2,51.8962,-0.16569,,
2292,SG3,51.86046,-0.18022,,
2293,SG4,51.921,-0.25922,,
2294,SG5,51.96727,-0.28654,,
2295,SG6,51.97888,-0.22057,,
2296,SG7,52.00335,-0.17443,,
2297,SG8,52.06369,-0.01293,,
2298,SG9,51.9458,-0.00796,,
2299,SK1,53.40736,-2.15044,,
2300,SK10,53.27793,-2.12899,,
2301,SK11,53.24646,-2.14238,,
2302,SK12,53.35169,-2.09165,,
2303,SK13,53.4479,-1.96386,,
2304,SK14,53.45149,-2.05422,,
2305,SK15,53.48655,-2.04672,,
2306,SK16,53.47395,-2.08137,,
2307,SK17,53.24378,-1.87861,,
2308,SK2,53.3948,-2.13235,,
2309,SK22,53.3724,-1.98497,,
2310,SK23,53.32744,-1.94895,,
2311,SK3,53.39835,-2.16996,,
2312,SK4,53.41901,-2.17908,,
2313,SK5,53.43433,-2.15204,,
2314,SK6,53.40563,-2.07973,,
2315,SK7,53.36962,-2.14129,,
2316,SK8,53.37941,-2.20748,,
2317,SK9,53.32723,-2.22975,,
2318,SL0,51.52431,-0.51371,,
2319,SL1,51.51751,-0.61916,,
2320,SL2,51.5335,-0.60281,,
2321,SL3,51.49961,-0.55198,,
2322,SL4,51.4753,-0.62475,,
2323,SL5,51.40468,-0.66138,,
2324,SL6,51.52231,-0.72569,,
2325,SL7,51.57411,-0.7762,,
2326,SL8,51.57786,-0.70682,,
2327,SL9,51.59677,-0.55467,,
2328,SM1,51.36599,-0.19127,,
2329,SM2,51.35258,-0.19611,,
2330,SM3,51.36992,-0.21267,,
2331,SM4,51.39219,-0.19886,,
2332,SM5,51.36741,-0.16679,,
2333,SM6,51.35984,-0.14267,,
2334,SM7,51.32296,-0.20014,,
2335,SN1,51.55689,-1.77351,,
2336,SN10,51.33589,-1.98708,,
2337,SN11,51.43931,-1.99856,,
2338,SN12,51.37178,-2.13649,,
2339,SN13,51.42383,-2.21001,,
2340,SN14,51.47511,-2.1944,,
2341,SN15,51.47255,-2.0792,,
2342,SN16,51.59304,-2.08951,,
2343,SN2,51.57939,-1.78206,,
2344,SN25,51.5911,-1.79644,,
2345,SN26,51.61086,-1.78335,,
2346,SN3,51.56132,-1.74319,,
2347,SN4,51.53089,-1.81978,,
2348,SN5,51.56509,-1.83696,,
2349,SN6,51.62067,-1.74141,,
2350,SN7,51.64892,-1.56345,,
2351,SN8,51.40741,-1.6851,,
2352,SN9,51.324,-1.78614,,
2353,SO14,50.90805,-1.39546,,
2354,SO15,50.91629,-1.42381,,
2355,SO16,50.93521,-1.43069,,
2356,SO17,50.92603,-1.3938,,
2357,SO18,50.92405,-1.35968,,
2358,SO19,50.90244,-1.35429,,
2359,SO20,51.11361,-1.50422,,
2360,SO21,51.07488,-1.31334,,
2361,SO22,51.06509,-1.33204,,
2362,SO23,51.06765,-1.30774,,
2363,SO24,51.08367,-1.14615,,
2364,SO30,50.91924,-1.30568,,
2365,SO31,50.86882,-1.29506,,
2366,SO32,50.9474,-1.20845,,
2367,SO40,50.91484,-1.50065,,
2368,SO41,50.75502,-1.56473,,
2369,SO42,50.80976,-1.53442,,
2370,SO43,50.88729,-1.58341,,
2371,SO45,50.84778,-1.3934,,
2372,SO50,50.9689,-1.33912,,
2373,SO51,50.994,-1.50407,,
2374,SO52,50.97663,-1.44015,,
2375,SO53,50.98442,-1.38022,,
2376,SP1,51.074,-1.78873,,
2377,SP10,51.21065,-1.48314,,
2378,SP11,51.22696,-1.51303,,
2379,SP2,51.07406,-1.82441,,
2380,SP3,51.10117,-2.00571,,
2381,SP4,51.16479,-1.764,,
2382,SP5,51.02271,-1.77185,,
2383,SP6,50.93553,-1.80074,,
2384,SP7,51.0039,-2.18245,,
2385,SP8,51.03696,-2.28956,,
2386,SP9,51.23018,-1.66053,,
2387,SR1,54.90695,-1.37919,,
2388,SR2,54.88716,-1.37638,,
2389,SR3,54.87747,-1.41549,,
2390,SR4,54.90088,-1.42451,,
2391,SR5,54.92334,-1.42419,,
2392,SR6,54.9348,-1.37876,,
2393,SR7,54.83046,-1.36168,,
2394,SR8,54.7665,-1.33471,,
2395,SR9,54.90243,-1.37458,,
2396,SS0,51.54602,0.69146,,
2397,SS1,51.53697,0.73275,,
2398,SS11,51.6151,0.53807,,
2399,SS12,51.60556,0.52164,,
2400,SS13,51.57433,0.50981,,
2401,SS14,51.57507,0.47521,,
2402,SS15,51.57687,0.432,,
2403,SS16,51.56201,0.4543,,
2404,SS17,51.52093,0.44055,,
2405,SS2,51.54991,0.71766,,
2406,SS3,51.54276,0.79224,,
2407,SS4,51.59406,0.71452,,
2408,SS5,51.60722,0.6503,,
2409,SS6,51.58746,0.60872,,
2410,SS7,51.56202,0.57984,,
2411,SS8,51.5222,0.59057,,
2412,SS9,51.55409,0.65298,,
2413,ST1,53.02616,-2.17148,,
2414,ST10,52.98942,-1.96275,,
2415,ST11,52.96693,-2.06552,,
2416,ST12,52.94795,-2.17117,,
2417,ST13,53.1009,-2.01793,,
2418,ST14,52.90304,-1.86767,,
2419,ST15,52.90033,-2.14719,,
2420,ST16,52.81315,-2.11871,,
2421,ST17,52.7889,-2.09936,,
2422,ST18,52.81408,-2.08161,,
2423,ST19,52.71243,-2.14656,,
2424,ST2,53.02711,-2.1357,,
2425,ST20,52.79854,-2.26255,,
2426,ST21,52.86777,-2.25851,,
2427,ST3,52.98037,-2.12214,,
2428,ST4,52.99468,-2.18328,,
2429,ST5,53.01526,-2.23703,,
2430,ST6,53.0576,-2.18951,,
2431,ST7,53.08802,-2.2658,,
2432,ST8,53.11517,-2.16735,,
2433,ST9,53.05052,-2.09847,,
2434,SW1,51.49558,-0.1386,,
2435,SW10,51.48365,-0.18086,,
2436,SW11,51.4663,-0.16427,,
2437,SW12,51.44536,-0.14784,,
2438,SW13,51.47473,-0.24458,,
2439,SW14,51.46514,-0.26511,,
2440,SW15,51.45734,-0.22509,,
2441,SW16,51.42165,-0.12722,,
2442,SW17,51.4303,-0.16283,,
2443,SW18,51.4496,-0.18941,,
2444,SW19,51.42284,-0.20341,,
2445,SW1A,51.50265,-0.13111,,
2446,SW1E,51.49737,-0.13853,,
2447,SW1H,51.49818,-0.13273,,
2448,SW1P,51.49548,-0.13284,,
2449,SW1V,51.49016,-0.13738,,
2450,SW1W,51.49302,-0.14735,,
2451,SW1X,51.4976,-0.15293,,
2452,SW1Y,51.50539,-0.13388,,
2453,SW2,51.44939,-0.11889,,
2454,SW20,51.41058,-0.22547,,
2455,SW3,51.48969,-0.16477,,
2456,SW4,51.46045,-0.13571,,
2457,SW5,51.49005,-0.18781,,
2458,SW6,51.47675,-0.19986,,
2459,SW7,51.49614,-0.1746,,
2460,SW8,51.47566,-0.13077,,
2461,SW9,51.46907,-0.11232,,
2462,SY1,52.7228,-2.74039,,
2463,SY10,52.83579,-3.12089,,
2464,SY11,52.8663,-3.02808,,
2465,SY12,52.90335,-2.89364,,
2466,SY13,52.95147,-2.68921,,
2467,SY14,53.02924,-2.76203,,
2468,SY15,52.55518,-3.12995,,
2469,SY16,52.52004,-3.31183,,
2470,SY17,52.51644,-3.46501,,
2471,SY18,52.44076,-3.54784,,
2472,SY19,52.57388,-3.61156,,
2473,SY2,52.70669,-2.72827,,
2474,SY20,52.61405,-3.81838,,
2475,SY21,52.65784,-3.20505,,
2476,SY22,52.75604,-3.18553,,
2477,SY23,52.38184,-4.05129,,
2478,SY24,52.47045,-4.02302,,
2479,SY25,52.2381,-3.93626,,
2480,SY3,52.69923,-2.76959,,
2481,SY4,52.79556,-2.75052,,
2482,SY5,52.65299,-2.82791,,
2483,SY6,52.53906,-2.79038,,
2484,SY7,52.42508,-2.88688,,
2485,SY8,52.36523,-2.69474,,
2486,SY9,52.49803,-2.98558,,
2487,TA1,51.01234,-3.10203,,
2488,TA10,51.03262,-2.82438,,
2489,TA11,51.06039,-2.70214,,
2490,TA12,50.97452,-2.77207,,
2491,TA13,50.94638,-2.81004,,
2492,TA14,50.94588,-2.75024,,
2493,TA15,50.95058,-2.71757,,
2494,TA16,50.90693,-2.79229,,
2495,TA17,50.90753,-2.83497,,
2496,TA18,50.88269,-2.78619,,
2497,TA19,50.93392,-2.91373,,
2498,TA2,51.03303,-3.10109,,
2499,TA20,50.87329,-2.96087,,
2500,TA21,50.97673,-3.24507,,
2501,TA22,51.0451,-3.54509,,
2502,TA23,51.16171,-3.3516,,
2503,TA24,51.18137,-3.50957,,
2504,TA3,50.99403,-3.03889,,
2505,TA4,51.07092,-3.26758,,
2506,TA5,51.14633,-3.10379,,
2507,TA6,51.12479,-2.99895,,
2508,TA7,51.12999,-2.91187,,
2509,TA8,51.24445,-2.99294,,
2510,TA9,51.22588,-2.9553,,
2511,TD1,55.6239,-2.80997,,
2512,TD10,55.71203,-2.44887,,
2513,TD11,55.78792,-2.31578,,
2514,TD12,55.65331,-2.2384,,
2515,TD13,55.92975,-2.36975,,
2516,TD14,55.86735,-2.12305,,
2517,TD15,55.74699,-2.01275,,
2518,TD2,55.733,-2.7533,,
2519,TD3,55.70073,-2.57127,,
2520,TD4,55.64182,-2.67051,,
2521,TD5,55.58723,-2.41571,,
2522,TD6,55.58238,-2.6933,,
2523,TD7,55.53631,-2.87156,,
2524,TD8,55.47531,-2.54111,,
2525,TD9,55.39766,-2.77533,,
2526,TF1,52.70246,-2.50323,,
2527,TF10,52.76943,-2.38541,,
2528,TF11,52.66253,-2.35933,,
2529,TF12,52.61175,-2.48003,,
2530,TF13,52.57803,-2.5815,,
2531,TF2,52.70002,-2.43956,,
2532,TF3,52.66404,-2.44363,,
2533,TF4,52.66125,-2.46726,,
2534,TF5,52.7149,-2.53594,,
2535,TF6,52.7355,-2.55397,,
2536,TF7,52.63525,-2.44925,,
2537,TF8,52.62974,-2.47875,,
2538,TF9,52.8977,-2.46832,,
2539,TN1,51.1349,0.27002,,
2540,TN10,51.21013,0.28661,,
2541,TN11,51.20597,0.26922,,
2542,TN12,51.17194,0.44067,,
2543,TN13,51.27593,0.18519,,
2544,TN14,51.29525,0.16172,,
2545,TN15,51.29951,0.26953,,
2546,TN16,51.29362,0.05262,,
2547,TN17,51.0961,0.5381,,
2548,TN18,51.04328,0.52665,,
2549,TN19,51.00262,0.40754,,
2550,TN2,51.13726,0.28729,,
2551,TN20,51.02633,0.25615,,
2552,TN21,50.95871,0.26427,,
2553,TN22,50.98067,0.10005,,
2554,TN23,51.13902,0.86075,,
2555,TN24,51.14917,0.88712,,
2556,TN25,51.14426,0.93972,,
2557,TN26,51.09988,0.80547,,
2558,TN27,51.16519,0.70642,,
2559,TN28,50.98202,0.95226,,
2560,TN29,50.99327,0.93444,,
2561,TN3,51.12265,0.25227,,
2562,TN30,51.06195,0.69753,,
2563,TN31,50.96233,0.68748,,
2564,TN32,50.9793,0.4904,,
2565,TN33,50.91032,0.47676,,
2566,TN34,50.86393,0.58374,,
2567,TN35,50.88036,0.61309,,
2568,TN36,50.92061,0.70216,,
2569,TN37,50.87168,0.55858,,
2570,TN38,50.86297,0.54531,,
2571,TN39,50.84602,0.45488,,
2572,TN4,51.1459,0.25912,,
2573,TN40,50.84449,0.48463,,
2574,TN5,51.06471,0.36223,,
2575,TN6,51.05216,0.17464,,
2576,TN7,51.09204,0.10938,,
2577,TN8,51.1942,0.07969,,
2578,TN9,51.19053,0.27705,,
2579,TQ1,50.47156,-3.52209,,
2580,TQ10,50.42412,-3.81906,,
2581,TQ11,50.48137,-3.78179,,
2582,TQ12,50.52882,-3.61142,,
2583,TQ13,50.59296,-3.71817,,
2584,TQ14,50.55002,-3.50626,,
2585,TQ2,50.47398,-3.54331,,
2586,TQ3,50.44298,-3.57469,,
2587,TQ4,50.42326,-3.56982,,
2588,TQ5,50.39151,-3.52234,,
2589,TQ6,50.34655,-3.58837,,
2590,TQ7,50.28256,-3.78278,,
2591,TQ8,50.23686,-3.77125,,
2592,TQ9,50.41619,-3.68924,,
2593,TR1,50.26241,-5.05347,,
2594,TR10,50.16624,-5.11736,,
2595,TR11,50.14907,-5.08684,,
2596,TR12,50.0431,-5.17923,,
2597,TR13,50.10945,-5.28435,,
2598,TR14,50.20987,-5.29686,,
2599,TR15,50.23225,-5.23669,,
2600,TR16,50.23272,-5.21988,,
2601,TR17,50.12482,-5.46735,,
2602,TR18,50.1163,-5.54089,,
2603,TR19,50.10012,-5.62783,,
2604,TR2,50.25334,-4.95186,,
2605,TR20,50.13138,-5.48882,,
2606,TR21,49.92936,-6.25622,,
2607,TR22,49.89192,-6.34346,,
2608,TR23,49.95281,-6.35174,,
2609,TR24,49.95528,-6.33383,,
2610,TR25,49.96401,-6.29276,,
2611,TR26,50.20276,-5.4786,,
2612,TR27,50.18162,-5.4028,,
2613,TR3,50.21684,-5.10944,,
2614,TR4,50.28359,-5.13626,,
2615,TR5,50.30819,-5.19127,,
2616,TR6,50.34167,-5.15134,,
2617,TR7,50.41304,-5.073,,
2618,TR8,50.39869,-5.03689,,
2619,TR9,50.41387,-4.93648,,
2620,TS1,54.57179,-1.23733,,
2621,TS10,54.60656,-1.06791,,
2622,TS11,54.58734,-1.02501,,
2623,TS12,54.56258,-0.96528,,
2624,TS13,54.54989,-0.85427,,
2625,TS14,54.53189,-1.06034,,
2626,TS15,54.49144,-1.32992,,
2627,TS16,54.52393,-1.35257,,
2628,TS17,54.53713,-1.30289,,
2629,TS18,54.56241,-1.32257,,
2630,TS19,54.57781,-1.34398,,
2631,TS2,54.58436,-1.23555,,
2632,TS20,54.58572,-1.3129,,
2633,TS21,54.62676,-1.42529,,
2634,TS22,54.61809,-1.3139,,
2635,TS23,54.60803,-1.28465,,
2636,TS24,54.69655,-1.21016,,
2637,TS25,54.66338,-1.22321,,
2638,TS26,54.68768,-1.22895,,
2639,TS27,54.72309,-1.28728,,
2640,TS28,54.72536,-1.37265,,
2641,TS29,54.71032,-1.41945,,
2642,TS3,54.56073,-1.19578,,
2643,TS4,54.55551,-1.22217,,
2644,TS5,54.5512,-1.25008,,
2645,TS6,54.56583,-1.15236,,
2646,TS7,54.53369,-1.18394,,
2647,TS8,54.52141,-1.23054,,
2648,TS9,54.46614,-1.16368,,
2649,TW1,51.44982,-0.3247,,
2650,TW10,51.44949,-0.30168,,
2651,TW11,51.42653,-0.33131,,
2652,TW12,51.42166,-0.36888,,
2653,TW13,51.43828,-0.39995,,
2654,TW14,51.45202,-0.41818,,
2655,TW15,51.43002,-0.45491,,
2656,TW16,51.4151,-0.41514,,
2657,TW17,51.39753,-0.44594,,
2658,TW18,51.428,-0.50677,,
2659,TW19,51.45221,-0.50166,,
2660,TW2,51.44657,-0.34929,,
2661,TW20,51.42674,-0.54997,,
2662,TW3,51.46742,-0.36149,,
2663,TW4,51.46593,-0.38314,,
2664,TW5,51.48029,-0.3812,,
2665,TW6,51.46948,-0.44638,,
2666,TW7,51.47331,-0.33248,,
2667,TW8,51.48552,-0.30611,,
2668,TW9,51.46736,-0.29382,,
2669,UB1,51.51435,-0.37278,,
2670,UB10,51.5478,-0.45236,,
2671,UB11,51.51909,-0.45766,,
2672,UB2,51.49915,-0.37909,,
2673,UB3,51.50513,-0.42211,,
2674,UB4,51.52381,-0.40704,,
2675,UB5,51.54315,-0.37464,,
2676,UB6,51.53911,-0.34306,,
2677,UB7,51.50576,-0.46964,,
2678,UB8,51.53458,-0.473,,
2679,UB9,51.58157,-0.49019,,
2680,W1,51.51452,-0.14215,,
2681,W10,51.52103,-0.21397,,
2682,W11,51.51189,-0.20424,,
2683,W12,51.50777,-0.2289,,
2684,W13,51.5127,-0.31951,,
2685,W14,51.49488,-0.20923,,
2686,W1B,51.51357,-0.13931,,
2687,W1C,51.51371,-0.14795,,
2688,W1D,51.51344,-0.13066,,
2689,W1F,51.51261,-0.13502,,
2690,W1G,51.51818,-0.14633,,
2691,W1H,51.51659,-0.15936,,
2692,W1J,51.50735,-0.14388,,
2693,W1K,51.51104,-0.1495,,
2694,W1M,51.51823,-0.14921,,
2695,W1S,51.5109,-0.14086,,
2696,W1T,51.5198,-0.13473,,
2697,W1U,51.51827,-0.15209,,
2698,W1W,51.51897,-0.13909,,
2699,W2,51.51508,-0.17816,,
2700,W3,51.50925,-0.26775,,
2701,W4,51.49118,-0.26268,,
2702,W5,51.51243,-0.30078,,
2703,W6,51.49246,-0.22805,,
2704,W7,51.5111,-0.33398,,
2705,W8,51.50003,-0.19317,,
2706,W9,51.52607,-0.1907,,
2707,WA1,53.39442,-2.5685,,
2708,WA10,53.45362,-2.75454,,
2709,WA11,53.47721,-2.71879,,
2710,WA12,53.45343,-2.63104,,
2711,WA13,53.38226,-2.46911,,
2712,WA14,53.38624,-2.35788,,
2713,WA15,53.38364,-2.32478,,
2714,WA16,53.3026,-2.37068,,
2715,WA2,53.41054,-2.58075,,
2716,WA3,53.45384,-2.54821,,
2717,WA4,53.36472,-2.57412,,
2718,WA5,53.39857,-2.63624,,
2719,WA6,53.27222,-2.72285,,
2720,WA7,53.32987,-2.7028,,
2721,WA8,53.37189,-2.74107,,
2722,WA9,53.43676,-2.71811,,
2723,WC1,51.52139,-0.12169,,
2724,WC1A,51.51694,-0.12475,,
2725,WC1B,51.51876,-0.12612,,
2726,WC1E,51.52065,-0.13181,,
2727,WC1H,51.52415,-0.1259,,
2728,WC1N,51.52136,-0.12025,,
2729,WC1R,51.5186,-0.11604,,
2730,WC1V,51.51685,-0.11899,,
2731,WC1X,51.52489,-0.11578,,
2732,WC2,51.51332,-0.12346,,
2733,WC2A,51.51588,-0.11471,,
2734,WC2B,51.5151,-0.12195,,
2735,WC2E,51.51242,-0.1235,,
2736,WC2H,51.51339,-0.12778,,
2737,WC2N,51.50975,-0.12505,,
2738,WC2R,51.51145,-0.11921,,
2739,WD1,51.64692,-0.39984,,
2740,WD17,51.66138,-0.40512,,
2741,WD18,51.64801,-0.41426,,
2742,WD19,51.6315,-0.39027,,
2743,WD2,51.6673,-0.37743,,
2744,WD23,51.64554,-0.3652,,
2745,WD24,51.67027,-0.39757,,
2746,WD25,51.68363,-0.38842,,
2747,WD3,51.6453,-0.48085,,
2748,WD4,51.70882,-0.45556,,
2749,WD5,51.7047,-0.41662,,
2750,WD6,51.65684,-0.27514,,
2751,WD7,51.68611,-0.30876,,
2752,WF1,53.68684,-1.49117,,
2753,WF10,53.72388,-1.3437,,
2754,WF11,53.71078,-1.25602,,
2755,WF12,53.68373,-1.61992,,
2756,WF13,53.69279,-1.64559,,
2757,WF14,53.68034,-1.69263,,
2758,WF15,53.70822,-1.69849,,
2759,WF16,53.70994,-1.66817,,
2760,WF17,53.71885,-1.64082,,
2761,WF2,53.67254,-1.51102,,
2762,WF3,53.72294,-1.52408,,
2763,WF4,53.64741,-1.51888,,
2764,WF5,53.67998,-1.57605,,
2765,WF6,53.69997,-1.41375,,
2766,WF7,53.66639,-1.35065,,
2767,WF8,53.68497,-1.29887,,
2768,WF9,53.60599,-1.31983,,
2769,WN1,53.55414,-2.6265,,
2770,WN2,53.53639,-2.58248,,
2771,WN3,53.52888,-2.64423,,
2772,WN4,53.49473,-2.64221,,
2773,WN5,53.53135,-2.68501,,
2774,WN6,53.57369,-2.66908,,
2775,WN7,53.49803,-2.51712,,
2776,WN8,53.55242,-2.76838,,
2777,WR1,52.19713,-2.21656,,
2778,WR10,52.11459,-2.06426,,
2779,WR11,52.09481,-1.92847,,
2780,WR12,52.04261,-1.87314,,
2781,WR13,52.09433,-2.34161,,
2782,WR14,52.11328,-2.31839,,
2783,WR15,52.30476,-2.56764,,
2784,WR2,52.18989,-2.24139,,
2785,WR3,52.21603,-2.21079,,
2786,WR4,52.20438,-2.1844,,
2787,WR5,52.17738,-2.19891,,
2788,WR6,52.22732,-2.37045,,
2789,WR7,52.19642,-2.05268,,
2790,WR8,52.08207,-2.20287,,
2791,WR9,52.26826,-2.15682,,
2792,WS1,52.57945,-1.97786,,
2793,WS10,52.56057,-2.02065,,
2794,WS11,52.68914,-2.01776,,
2795,WS12,52.70623,-1.99852,,
2796,WS13,52.6917,-1.818,,
2797,WS14,52.66292,-1.81368,,
2798,WS15,52.75834,-1.91701,,
2799,WS2,52.58845,-2.00148,,
2800,WS3,52.61812,-1.98966,,
2801,WS4,52.60552,-1.95865,,
2802,WS5,52.56776,-1.95869,,
2803,WS6,52.65767,-2.02218,,
2804,WS7,52.68012,-1.91272,,
2805,WS8,52.64597,-1.93348,,
2806,WS9,52.6091,-1.91729,,
2807,WV1,52.58569,-2.11514,,
2808,WV10,52.61716,-2.11227,,
2809,WV11,52.61,-2.07089,,
2810,WV12,52.60552,-2.03987,,
2811,WV13,52.58484,-2.06052,,
2812,WV14,52.55695,-2.07818,,
2813,WV15,52.51593,-2.37435,,
2814,WV16,52.5112,-2.44062,,
2815,WV2,52.574,-2.11806,,
2816,WV3,52.57936,-2.15054,,
2817,WV4,52.56229,-2.14163,,
2818,WV5,52.53342,-2.20936,,
2819,WV6,52.5955,-2.18161,,
2820,WV7,52.63309,-2.27043,,
2821,WV8,52.62337,-2.1832,,
2822,WV9,52.63332,-2.14039,,
2823,YO1,53.95857,-1.0809,,
2824,YO10,53.95031,-1.05822,,
2825,YO11,54.26511,-0.39535,,
2826,YO12,54.27356,-0.42267,,
2827,YO13,54.28798,-0.49587,,
2828,YO14,54.19903,-0.29672,,
2829,YO15,54.0939,-0.17715,,
2830,YO16,54.09514,-0.20004,,
2831,YO17,54.13631,-0.75397,,
2832,YO18,54.2587,-0.76717,,
2833,YO19,53.91046,-1.02105,,
2834,YO21,54.47654,-0.71123,,
2835,YO22,54.45038,-0.62104,,
2836,YO23,53.92562,-1.12122,,
2837,YO24,53.94624,-1.11469,,
2838,YO25,54.00465,-0.41302,,
2839,YO26,53.97452,-1.17204,,
2840,YO30,53.98579,-1.11385,,
2841,YO31,53.96923,-1.06389,,
2842,YO32,54.01143,-1.05837,,
2843,YO41,53.96966,-0.90227,,
2844,YO42,53.92274,-0.7908,,
2845,YO43,53.84976,-0.68952,,
2846,YO51,54.08182,-1.37628,,
2847,YO60,54.08237,-0.94057,,
2848,YO61,54.11579,-1.1937,,
2849,YO62,54.24282,-0.99325,,
2850,YO7,54.2237,-1.3496,,
2851,YO8,53.7813,-1.05745,,
2852,ZE1,60.15232,-1.16779,,
2853,ZE2,60.33047,-1.22484,,
2854,ZE3,59.88369,-1.30316,,
2855,W1A,51.518562,-0.143799,,
2856,BL11,53.576178,-2.428677,,
2857,BL78,53.571716,-2.416294,,
2858,BN50,50.823442,-0.140396,,
2859,BN51,50.804823,-0.058672,,
2860,BN52,50.829256,-0.168416,,
2861,BN88,50.831246,-0.140438,,
2862,BN99,50.820239,-0.379944,,
2863,BS80,51.521874,-2.572469,,
2864,BS98,51.459068,-2.581532,,
2865,CA95,54.644668,-3.56645,,
2866,CF30,51.519635,-3.119562,,
2867,CF91,51.465745,-3.193634,,
2868,CF95,51.481196,-3.171039,,
2869,CF99,51.464366,-3.161654,,
2870,CH25,53.396972,-3.011914,,
2871,CH26,53.365697,-3.065921,,
2872,CH27,53.418339,-3.033129,,
2873,CH28,53.400433,-3.111956,,
2874,CH29,53.390338,-3.179391,,
2875,CH30,53.379056,-3.098456,,
2876,CH31,53.329738,-3.098885,,
2877,CH32,53.361945,-2.99765,,
2878,CH33,53.29055,-3.062639,,
2879,CH34,53.281708,-2.908126,,
2880,CH70,53.192746,-2.92259,,
2881,CH88,53.179571,-2.893891,,
2882,CH99,53.178328,-2.894104,,
2883,CM99,51.735856,0.473009,,
2884,CT50,51.075701,1.149115,,
2885,CW98,53.089331,-2.431667,,
2886,DE99,52.915455,-1.46108,,
2887,DH97,54.779259,-1.578053,,
2888,DH98,54.934641,-1.615103,,
2889,DH99,54.786173,-1.557144,,
2890,DN55,53.512922,-1.125721,,
2891,E77,51.513948,-0.069129,,
2892,E98,51.513678,-0.060885,,
2893,EC1P,51.524503,-0.112088,,
2894,EC4P,51.524503,-0.112088,,
2895,EC50,51.524503,-0.112088,,
2896,EH91,55.923228,-3.305118,,
2897,EH95,55.978621,-3.25352,,
2898,EH99,55.955591,-3.17611,,
2899,FY0,53.754603,-3.00801,,
2900,G58,55.848424,-4.277233,,
2901,G70,55.949409,-3.988955,,
2902,G75,55.729059,-4.186465,,
2903,G79,55.771004,-4.223076,,
2904,G9,55.868635,-4.241903,,
2905,G90,55.872226,-4.233913,,
2906,GU95,51.326293,-0.763075,,
2907,IP98,52.376705,1.116422,,
2908,KY99,56.059361,-3.444143,,
2909,L67,53.42897,-2.958583,,
2910,L68,53.473055,-2.96069,,
2911,L71,53.439492,-2.971429,,
2912,L72,53.4803,-2.988368,,
2913,L73,53.406399,-2.975554,,
2914,L74,53.393801,-2.988061,,
2915,L75,53.438613,-2.985222,,
2916,LE21,52.632649,-1.125237,,
2917,LE41,52.654113,-1.121497,,
2918,LE55,52.690357,-1.290318,,
2919,LE87,52.596957,-1.154074,,
2920,LE94,52.483686,-0.905523,,
2921,LE95,52.606176,-1.19056,,
2922,LS88,53.750785,-1.538965,,
2923,LS98,53.778778,-1.525004,,
2924,LS99,53.78669,-1.592793,,
2925,M50,53.479393,-2.304275,,
2926,M99,53.484512,-2.234866,,
2927,MK77,52.042089,-0.81887,,
2928,N1P,51.538425,-0.103278,,
2929,NE82,54.938084,-1.615518,,
2930,NE83,54.934641,-1.615103,,
2931,NE85,54.921656,-1.554823,,
2932,NE88,54.941776,-1.614988,,
2933,NE92,54.941776,-1.614988,,
2934,NE98,54.972045,-1.598706,,
2935,NG70,53.154588,-1.186926,,
2936,NG80,52.916642,-1.159018,,
2937,NG90,52.927165,-1.191062,,
2938,NW1W,51.530784,-0.13543,,
2939,OL95,53.556338,-2.105401,,
2940,PH37,56.816195,-5.528405,,
2941,PL95,50.364357,-4.104633,,
2942,PR0,53.758805,-2.683907,,
2943,PR11,53.778126,-2.685436,,
2944,S49,53.234341,-1.435594,,
2945,S96,53.403018,-1.427504,,
2946,S97,53.456228,-1.382546,,
2947,S98,53.386626,-1.455184,,
2948,S99,53.404294,-1.430992,,
2949,SA80,51.647958,-3.924033,,
2950,SA99,51.669997,-3.945445,,
2951,SE1P,51.492762,-0.080152,,
2952,SL95,51.497866,-0.532544,,
2953,SN38,51.562764,-1.795298,,
2954,SN99,51.556458,-1.755879,,
2955,SS22,51.55698,0.706823,,
2956,SS99,51.561368,0.608499,,
2957,ST55,53.014751,-2.241151,,
2958,SW99,51.472256,-0.115797,,
2959,TR93,50.129387,-5.50275,,
2960,UB18,51.500719,-0.402684,,
2961,WA55,53.401776,-2.619046,,
2962,WA88,53.367973,-2.768674,,
2963,WR78,52.197683,-2.223496,,
2964,WR99,52.201033,-2.214399,,
2965,YO90,53.9601,-1.089339,,
2966,YO91,53.976598,-1.070367,,
2967,E20,51.538611,-0.016389,,
2968,B99,52.495953,-1.894214,,
2969,BB94,53.915243,-2.138033,,
2970,BD97,53.850509,-1.837421,,
2971,BD98,53.837717,-1.780013,,
2972,BD99,53.79447,-1.766539,,
2973,SL60,51.518556,-0.714794,,
2974,WF90,0,0,,
2975,N81,0,0,,
2976,SW95,0,0,,
2977,RH77,0,0,,
2978,WD99,0,0,,
2979,CR90,0,0,,
2980,SY99,0,0,,
2981,M61,0,0,,
2982,SO97,0,0,,
2983,ME99,0,0,,
2984,CR44,0,0,,
2985,PE99,0,0,,
2986,CM92,0,0,,
2987,CM98,0,0,,
2988,AB99,0,0,,
2989,NW26,0,0,,
2990,NR99,0,0,,
2991,N1C,0,0,,
2992,CA99,54.890923,-2.943847,,
2993,IV99,57.481338,-4.223951,,
2994,BN91,0,0,,
2995,SO25,0,0,,
2996,DL98,0,0,,
2997,EN77,0,0,,
2998,WV99,0,0,,
2999,WV98,0,0,,
3000,S95,0,0,,
3001,PA80,0,0,,
3002,L80,0,0,,
3003,BS0,0,0,,
